Time_ms,Target,M1_Pos,M2_Pos,M1_RPM,M2_RPM,PWM1,PWM2
34,0,1,0,0.00,0.00,0,0
27177,0,1,0,0.00,0.00,0,0
27230,0,1,0,0.00,0.00,0,0
27282,0,1,0,0.00,0.00,0,0
27334,0,1,0,0.00,0.00,0,0
51,0,0,0,0.00,0.00,0,0
103,0,0,0,0.00,0.00,0,0
155,0,0,0,0.00,0.00,0,0
207,0,0,0,0.00,0.00,0,0
259,0,0,0,0.00,0.00,0,0
311,0,0,0,0.00,0.00,0,0
363,0,0,0,0.00,0.00,0,0
415,0,0,0,0.00,0.00,0,0
467,0,0,0,0.00,0.00,0,0
519,0,0,0,0.00,0.00,0,0
571,0,0,0,0.00,0.00,0,0
623,0,0,0,0.00,0.00,0,0
675,0,0,0,0.00,0.00,0,0
727,0,0,0,0.00,0.00,0,0
779,0,0,0,0.00,0.00,0,0
831,0,0,0,0.00,0.00,0,0
883,0,0,0,0.00,0.00,0,0
935,0,0,0,0.00,0.00,0,0
987,0,0,0,0.00,0.00,0,0
1039,0,0,0,0.00,0.00,0,0
1091,0,0,0,0.00,0.00,0,0
1143,0,0,0,0.00,0.00,0,0
1195,0,0,0,0.00,0.00,0,0
1247,0,0,0,0.00,0.00,0,0
1299,0,0,0,0.00,0.00,0,0
1351,0,0,0,0.00,0.00,0,0
1403,0,0,0,0.00,0.00,0,0
1455,0,0,0,0.00,0.00,0,0
1507,0,0,0,0.00,0.00,0,0
1559,0,0,0,0.00,0.00,0,0
1611,0,0,0,0.00,0.00,0,0
1664,0,0,0,0.00,0.00,0,0
1716,0,0,0,0.00,0.00,0,0
1768,0,0,0,0.00,0.00,0,0
1820,0,0,0,0.00,0.00,0,0
1872,0,0,0,0.00,0.00,0,0
1924,0,0,0,0.00,0.00,0,0
1976,0,0,0,0.00,0.00,0,0
2028,0,0,0,0.00,0.00,0,0
2080,0,0,0,0.00,0.00,0,0
2132,0,0,0,0.00,0.00,0,0
2185,0,0,0,0.00,0.00,0,0
2237,0,0,0,0.00,0.00,0,0
2289,0,0,0,0.00,0.00,0,0
2341,0,0,0,0.00,0.00,0,0
2393,0,0,0,0.00,0.00,0,0
2445,0,0,0,0.00,0.00,0,0
2497,0,0,0,0.00,0.00,0,0
2549,0,0,0,0.00,0.00,0,0
2601,0,0,0,0.00,0.00,0,0
2654,0,0,0,0.00,0.00,0,0
2706,0,0,0,0.00,0.00,0,0
2758,0,0,0,0.00,0.00,0,0
2810,0,0,0,0.00,0.00,0,0
2862,0,0,0,0.00,0.00,0,0
2914,0,0,0,0.00,0.00,0,0
2966,0,0,0,0.00,0.00,0,0
3018,0,0,0,0.00,0.00,0,0
3070,0,0,0,0.00,0.00,0,0
3123,0,0,0,0.00,0.00,0,0
3175,0,0,0,0.00,0.00,0,0
3227,0,0,0,0.00,0.00,0,0
3279,0,0,0,0.00,0.00,0,0
3331,0,0,0,0.00,0.00,0,0
3383,0,0,0,0.00,0.00,0,0
3435,0,0,0,0.00,0.00,0,0
3487,0,0,0,0.00,0.00,0,0
3539,0,0,0,0.00,0.00,0,0
3591,0,0,0,0.00,0.00,0,0
3643,0,0,0,0.00,0.00,0,0
3695,0,0,0,0.00,0.00,0,0
3747,0,0,0,0.00,0.00,0,0
3799,0,0,0,0.00,0.00,0,0
3851,0,0,0,0.00,0.00,0,0
3903,0,0,0,0.00,0.00,0,0
3955,0,0,0,0.00,0.00,0,0
4007,0,0,0,0.00,0.00,0,0
4059,0,0,0,0.00,0.00,0,0
4111,0,0,0,0.00,0.00,0,0
4163,0,0,0,0.00,0.00,0,0
4215,0,0,0,0.00,0.00,0,0
4267,0,0,0,0.00,0.00,0,0
4319,0,0,0,0.00,0.00,0,0
4371,0,0,0,0.00,0.00,0,0
4423,0,0,0,0.00,0.00,0,0
4475,0,0,0,0.00,0.00,0,0
4527,0,0,0,0.00,0.00,0,0
4579,0,0,0,0.00,0.00,0,0
4631,0,0,0,0.00,0.00,0,0
4683,0,0,0,0.00,0.00,0,0
4736,0,0,0,0.00,0.00,0,0
4788,0,0,0,0.00,0.00,0,0
4840,0,0,0,0.00,0.00,0,0
4892,0,0,0,0.00,0.00,0,0
4944,0,0,0,0.00,0.00,0,0
4996,0,0,0,0.00,0.00,0,0
5048,0,0,0,0.00,0.00,0,0
5100,0,0,0,0.00,0.00,0,0
5152,0,0,0,0.00,0.00,0,0
5204,0,0,0,0.00,0.00,0,0
5257,0,0,0,0.00,0.00,0,0
5309,0,0,0,0.00,0.00,0,0
5361,0,0,0,0.00,0.00,0,0
5413,0,0,0,0.00,0.00,0,0
5465,0,0,0,0.00,0.00,0,0
5517,0,0,0,0.00,0.00,0,0
5569,0,0,0,0.00,0.00,0,0
5621,0,0,0,0.00,0.00,0,0
5673,0,0,0,0.00,0.00,0,0
5726,0,0,0,0.00,0.00,0,0
5778,0,0,0,0.00,0.00,0,0
5830,0,0,0,0.00,0.00,0,0
5882,0,0,0,0.00,0.00,0,0
5934,0,0,0,0.00,0.00,0,0
5986,0,0,0,0.00,0.00,0,0
6038,0,0,0,0.00,0.00,0,0
6090,0,0,0,0.00,0.00,0,0
6142,0,0,0,0.00,0.00,0,0
6195,0,0,0,0.00,0.00,0,0
6247,0,0,0,0.00,0.00,0,0
6299,0,0,0,0.00,0.00,0,0
6351,0,0,0,0.00,0.00,0,0
6403,0,0,0,0.00,0.00,0,0
6455,0,0,0,0.00,0.00,0,0
6507,0,0,0,0.00,0.00,0,0
6559,0,0,0,0.00,0.00,0,0
6611,0,0,0,0.00,0.00,0,0
6663,0,0,0,0.00,0.00,0,0
6715,0,0,0,0.00,0.00,0,0
6767,0,0,0,0.00,0.00,0,0
6819,0,0,0,0.00,0.00,0,0
6871,0,0,0,0.00,0.00,0,0
6923,0,0,0,0.00,0.00,0,0
6975,0,0,0,0.00,0.00,0,0
7027,0,0,0,0.00,0.00,0,0
7079,0,0,0,0.00,0.00,0,0
7131,0,0,0,0.00,0.00,0,0
7183,0,0,0,0.00,0.00,0,0
7235,0,0,0,0.00,0.00,0,0
7287,0,0,0,0.00,0.00,0,0
7339,0,0,0,0.00,0.00,0,0
7391,0,0,0,0.00,0.00,0,0
7443,0,0,0,0.00,0.00,0,0
7495,0,0,0,0.00,0.00,0,0
7547,0,0,0,0.00,0.00,0,0
7599,0,0,0,0.00,0.00,0,0
7651,0,0,0,0.00,0.00,0,0
7703,0,0,0,0.00,0.00,0,0
7755,0,0,0,0.00,0.00,0,0
7808,0,0,0,0.00,0.00,0,0
7860,0,0,0,0.00,0.00,0,0
7912,0,0,0,0.00,0.00,0,0
7964,0,0,0,0.00,0.00,0,0
8016,0,0,0,0.00,0.00,0,0
8068,0,0,0,0.00,0.00,0,0
8120,0,0,0,0.00,0.00,0,0
8172,0,0,0,0.00,0.00,0,0
8224,0,0,0,0.00,0.00,0,0
8276,0,0,0,0.00,0.00,0,0
8329,0,0,0,0.00,0.00,0,0
8381,0,0,0,0.00,0.00,0,0
8433,0,0,0,0.00,0.00,0,0
8485,0,0,0,0.00,0.00,0,0
8537,0,0,0,0.00,0.00,0,0
8589,0,0,0,0.00,0.00,0,0
8641,0,0,0,0.00,0.00,0,0
8693,0,0,0,0.00,0.00,0,0
8745,0,0,0,0.00,0.00,0,0
8798,0,0,0,0.00,0.00,0,0
8850,0,0,0,0.00,0.00,0,0
8902,0,0,0,0.00,0.00,0,0
9053,0,0,0,0.00,0.00,0,0
9105,0,0,0,0.00,0.00,0,0
9157,0,0,0,0.00,0.00,0,0
9209,0,0,0,0.00,0.00,0,0
9261,0,0,0,0.00,0.00,0,0
9313,0,0,0,0.00,0.00,0,0
9365,0,0,0,0.00,0.00,0,0
9417,0,0,0,0.00,0.00,0,0
9469,0,0,0,0.00,0.00,0,0
9521,0,0,0,0.00,0.00,0,0
9573,0,0,0,0.00,0.00,0,0
9625,0,0,0,0.00,0.00,0,0
9677,0,0,0,0.00,0.00,0,0
9729,0,0,0,0.00,0.00,0,0
9781,0,0,0,0.00,0.00,0,0
9833,0,0,0,0.00,0.00,0,0
9885,0,0,0,0.00,0.00,0,0
9937,0,0,0,0.00,0.00,0,0
9989,0,0,0,0.00,0.00,0,0
10041,0,0,0,0.00,0.00,0,0
10093,0,0,0,0.00,0.00,0,0
10145,0,0,0,0.00,0.00,0,0
10198,0,0,0,0.00,0.00,0,0
10250,0,0,0,0.00,0.00,0,0
10302,0,0,0,0.00,0.00,0,0
10354,0,0,0,0.00,0.00,0,0
10406,0,0,0,0.00,0.00,0,0
10458,0,0,0,0.00,0.00,0,0
10510,0,0,0,0.00,0.00,0,0
10562,0,0,0,0.00,0.00,0,0
10614,0,0,0,0.00,0.00,0,0
10667,0,0,0,0.00,0.00,0,0
10719,0,0,0,0.00,0.00,0,0
10771,0,0,0,0.00,0.00,0,0
10823,0,0,0,0.00,0.00,0,0
10875,0,0,0,0.00,0.00,0,0
10927,0,0,0,0.00,0.00,0,0
10979,0,0,0,0.00,0.00,0,0
11031,0,0,0,0.00,0.00,0,0
11083,0,0,0,0.00,0.00,0,0
11136,0,0,0,0.00,0.00,0,0
11188,0,0,0,0.00,0.00,0,0
11240,0,0,0,0.00,0.00,0,0
11292,0,0,0,0.00,0.00,0,0
11344,0,0,0,0.00,0.00,0,0
11396,0,0,0,0.00,0.00,0,0
11448,0,0,0,0.00,0.00,0,0
11500,0,0,0,0.00,0.00,0,0
11552,0,0,0,0.00,0.00,0,0
11604,0,0,0,0.00,0.00,0,0
11657,0,0,0,0.00,0.00,0,0
11709,0,0,0,0.00,0.00,0,0
11761,0,0,0,0.00,0.00,0,0
11813,0,0,0,0.00,0.00,0,0
11865,0,0,0,0.00,0.00,0,0
11917,0,0,0,0.00,0.00,0,0
11969,0,0,0,0.00,0.00,0,0
12021,0,0,0,0.00,0.00,0,0
12073,0,0,0,0.00,0.00,0,0
12126,0,0,0,0.00,0.00,0,0
12178,0,0,0,0.00,0.00,0,0
12380,0,0,0,0.00,0.00,0,0
12432,0,0,0,0.00,0.00,0,0
12484,0,0,0,0.00,0.00,0,0
12536,0,0,0,0.00,0.00,0,0
12588,0,0,0,0.00,0.00,0,0
12640,0,0,0,0.00,0.00,0,0
12692,0,0,0,0.00,0.00,0,0
12744,0,0,0,0.00,0.00,0,0
12796,0,0,0,0.00,0.00,0,0
12848,0,0,0,0.00,0.00,0,0
12900,0,0,0,0.00,0.00,0,0
12952,0,0,0,0.00,0.00,0,0
13004,0,0,0,0.00,0.00,0,0
13056,0,0,0,0.00,0.00,0,0
13108,0,0,0,0.00,0.00,0,0
13160,0,0,0,0.00,0.00,0,0
13212,0,0,0,0.00,0.00,0,0
13264,0,0,0,0.00,0.00,0,0
13316,0,0,0,0.00,0.00,0,0
13368,0,0,0,0.00,0.00,0,0
13420,0,0,0,0.00,0.00,0,0
13472,0,0,0,0.00,0.00,0,0
13524,0,0,0,0.00,0.00,0,0
13577,0,0,0,0.00,0.00,0,0
13629,0,0,0,0.00,0.00,0,0
13681,0,0,0,0.00,0.00,0,0
13733,0,0,0,0.00,0.00,0,0
13785,0,0,0,0.00,0.00,0,0
13837,0,0,0,0.00,0.00,0,0
13889,0,0,0,0.00,0.00,0,0
13941,0,0,0,0.00,0.00,0,0
13993,0,0,0,0.00,0.00,0,0
14046,0,0,0,0.00,0.00,0,0
14098,0,0,0,0.00,0.00,0,0
14150,0,0,0,0.00,0.00,0,0
14202,0,0,0,0.00,0.00,0,0
14254,0,0,0,0.00,0.00,0,0
14306,0,0,0,0.00,0.00,0,0
14358,0,0,0,0.00,0.00,0,0
14410,0,0,0,0.00,0.00,0,0
14462,0,0,0,0.00,0.00,0,0
14515,0,0,0,0.00,0.00,0,0
14567,0,0,0,0.00,0.00,0,0
14619,0,0,0,0.00,0.00,0,0
14671,0,0,0,0.00,0.00,0,0
14723,0,0,0,0.00,0.00,0,0
14775,0,0,0,0.00,0.00,0,0
14827,0,0,0,0.00,0.00,0,0
14879,0,0,0,0.00,0.00,0,0
14931,0,0,0,0.00,0.00,0,0
14983,0,0,0,0.00,0.00,0,0
15035,0,0,0,0.00,0.00,0,0
15087,0,0,0,0.00,0.00,0,0
15139,0,0,0,0.00,0.00,0,0
15191,0,0,0,0.00,0.00,0,0
15243,0,0,0,0.00,0.00,0,0
15295,0,0,0,0.00,0.00,0,0
15347,0,0,0,0.00,0.00,0,0
15399,0,0,0,0.00,0.00,0,0
15451,0,0,0,0.00,0.00,0,0
15503,0,0,0,0.00,0.00,0,0
15555,0,0,0,0.00,0.00,0,0
15607,0,0,0,0.00,0.00,0,0
15659,0,0,0,0.00,0.00,0,0
15711,0,0,0,0.00,0.00,0,0
15763,0,0,0,0.00,0.00,0,0
15815,0,0,0,0.00,0.00,0,0
15867,0,0,0,0.00,0.00,0,0
15919,0,0,0,0.00,0.00,0,0
15971,0,0,0,0.00,0.00,0,0
16023,0,0,0,0.00,0.00,0,0
16075,0,0,0,0.00,0.00,0,0
16128,0,0,0,0.00,0.00,0,0
16180,0,0,0,0.00,0.00,0,0
16232,0,0,0,0.00,0.00,0,0
16284,0,0,0,0.00,0.00,0,0
16336,0,0,0,0.00,0.00,0,0
16388,0,0,0,0.00,0.00,0,0
16440,0,0,0,0.00,0.00,0,0
16606,0,0,0,0.00,0.00,0,0
16658,0,0,0,0.00,0.00,0,0
16710,0,0,0,0.00,0.00,0,0
16762,0,0,0,0.00,0.00,0,0
16814,0,0,0,0.00,0.00,0,0
16866,0,0,0,0.00,0.00,0,0
16918,0,0,0,0.00,0.00,0,0
16970,0,0,0,0.00,0.00,0,0
17022,0,0,0,0.00,0.00,0,0
17075,0,0,0,0.00,0.00,0,0
17127,0,0,0,0.00,0.00,0,0
17179,0,0,0,0.00,0.00,0,0
17231,0,0,0,0.00,0.00,0,0
17283,0,0,0,0.00,0.00,0,0
17335,0,0,0,0.00,0.00,0,0
17387,0,0,0,0.00,0.00,0,0
17439,0,0,0,0.00,0.00,0,0
17491,0,0,0,0.00,0.00,0,0
17543,0,0,0,0.00,0.00,0,0
17595,0,0,0,0.00,0.00,0,0
17647,0,0,0,0.00,0.00,0,0
17699,0,0,0,0.00,0.00,0,0
17751,0,0,0,0.00,0.00,0,0
17803,0,0,0,0.00,0.00,0,0
17855,0,0,0,0.00,0.00,0,0
17907,0,0,0,0.00,0.00,0,0
17959,0,0,0,0.00,0.00,0,0
18011,0,0,0,0.00,0.00,0,0
18063,0,0,0,0.00,0.00,0,0
18115,0,0,0,0.00,0.00,0,0
18167,0,0,0,0.00,0.00,0,0
18219,0,0,0,0.00,0.00,0,0
18271,0,0,0,0.00,0.00,0,0
18323,0,0,0,0.00,0.00,0,0
18375,0,0,0,0.00,0.00,0,0
18427,0,0,0,0.00,0.00,0,0
18479,0,0,0,0.00,0.00,0,0
18531,0,0,0,0.00,0.00,0,0
18583,0,0,0,0.00,0.00,0,0
18635,0,0,0,0.00,0.00,0,0
18688,0,0,0,0.00,0.00,0,0
18740,0,0,0,0.00,0.00,0,0
18792,0,0,0,0.00,0.00,0,0
18844,0,0,0,0.00,0.00,0,0
18896,0,0,0,0.00,0.00,0,0
18948,0,0,0,0.00,0.00,0,0
19000,0,0,0,0.00,0.00,0,0
19052,0,0,0,0.00,0.00,0,0
19104,0,0,0,0.00,0.00,0,0
19156,0,0,0,0.00,0.00,0,0
19313,0,0,0,0.00,0.00,0,0
19365,0,0,0,0.00,0.00,0,0
19417,0,0,0,0.00,0.00,0,0
19469,0,0,0,0.00,0.00,0,0
19521,0,0,0,0.00,0.00,0,0
19573,0,0,0,0.00,0.00,0,0
19625,0,0,0,0.00,0.00,0,0
19678,0,0,0,0.00,0.00,0,0
19730,0,0,0,0.00,0.00,0,0
19782,0,0,0,0.00,0.00,0,0
19834,0,0,0,0.00,0.00,0,0
19886,0,0,0,0.00,0.00,0,0
19938,0,0,0,0.00,0.00,0,0
19990,0,0,0,0.00,0.00,0,0
20042,0,0,0,0.00,0.00,0,0
20094,0,0,0,0.00,0.00,0,0
20147,0,0,0,0.00,0.00,0,0
20199,0,0,0,0.00,0.00,0,0
20251,0,0,0,0.00,0.00,0,0
20303,0,0,0,0.00,0.00,0,0
20355,0,0,0,0.00,0.00,0,0
20407,0,0,0,0.00,0.00,0,0
20459,0,0,0,0.00,0.00,0,0
20511,0,0,0,0.00,0.00,0,0
20563,0,0,0,0.00,0.00,0,0
20615,0,0,0,0.00,0.00,0,0
20667,0,0,0,0.00,0.00,0,0
20719,0,0,0,0.00,0.00,0,0
20771,0,0,0,0.00,0.00,0,0
20823,0,0,0,0.00,0.00,0,0
20875,0,0,0,0.00,0.00,0,0
20927,0,0,0,0.00,0.00,0,0
20979,0,0,0,0.00,0.00,0,0
21031,0,0,0,0.00,0.00,0,0
21083,0,0,0,0.00,0.00,0,0
21135,0,0,0,0.00,0.00,0,0
21187,0,0,0,0.00,0.00,0,0
21239,0,0,0,0.00,0.00,0,0
21291,0,0,0,0.00,0.00,0,0
21343,0,0,0,0.00,0.00,0,0
21395,0,0,0,0.00,0.00,0,0
21447,0,0,0,0.00,0.00,0,0
21499,0,0,0,0.00,0.00,0,0
21551,0,0,0,0.00,0.00,0,0
21603,0,0,0,0.00,0.00,0,0
21655,0,0,0,0.00,0.00,0,0
21707,0,0,0,0.00,0.00,0,0
21760,0,0,0,0.00,0.00,0,0
21812,0,0,0,0.00,0.00,0,0
21864,0,0,0,0.00,0.00,0,0
21916,0,0,0,0.00,0.00,0,0
21968,0,0,0,0.00,0.00,0,0
22020,0,0,0,0.00,0.00,0,0
22072,0,0,0,0.00,0.00,0,0
22124,0,0,0,0.00,0.00,0,0
22176,0,0,0,0.00,0.00,0,0
22228,0,0,0,0.00,0.00,0,0
22281,0,0,0,0.00,0.00,0,0
22333,0,0,0,0.00,0.00,0,0
22385,0,0,0,0.00,0.00,0,0
22437,0,0,0,0.00,0.00,0,0
22489,0,0,0,0.00,0.00,0,0
22541,0,0,0,0.00,0.00,0,0
22593,0,0,0,0.00,0.00,0,0
22645,0,0,0,0.00,0.00,0,0
22697,0,0,0,0.00,0.00,0,0
22750,0,0,0,0.00,0.00,0,0
22802,0,0,0,0.00,0.00,0,0
22854,0,0,0,0.00,0.00,0,0
22906,0,0,0,0.00,0.00,0,0
22958,0,0,0,0.00,0.00,0,0
23010,0,0,0,0.00,0.00,0,0
23062,0,0,0,0.00,0.00,0,0
23114,0,0,0,0.00,0.00,0,0
23166,0,0,0,0.00,0.00,0,0
23219,0,0,0,0.00,0.00,0,0
23271,0,0,0,0.00,0.00,0,0
23323,0,0,0,0.00,0.00,0,0
23375,0,0,0,0.00,0.00,0,0
23427,0,0,0,0.00,0.00,0,0
23479,0,0,0,0.00,0.00,0,0
23531,0,0,0,0.00,0.00,0,0
23583,0,0,0,0.00,0.00,0,0
23635,0,0,0,0.00,0.00,0,0
23687,0,0,0,0.00,0.00,0,0
23739,0,0,0,0.00,0.00,0,0
23791,0,0,0,0.00,0.00,0,0
23843,0,0,0,0.00,0.00,0,0
23895,0,0,0,0.00,0.00,0,0
23947,0,0,0,0.00,0.00,0,0
23999,0,0,0,0.00,0.00,0,0
24051,0,0,0,0.00,0.00,0,0
24103,0,0,0,0.00,0.00,0,0
24155,0,0,0,0.00,0.00,0,0
24207,0,0,0,0.00,0.00,0,0
24259,0,0,0,0.00,0.00,0,0
24311,0,0,0,0.00,0.00,0,0
24363,0,0,0,0.00,0.00,0,0
24415,0,0,0,0.00,0.00,0,0
24467,0,0,0,0.00,0.00,0,0
24519,0,0,0,0.00,0.00,0,0
24571,0,0,0,0.00,0.00,0,0
24623,0,0,0,0.00,0.00,0,0
24675,0,0,0,0.00,0.00,0,0
24727,0,0,0,0.00,0.00,0,0
24779,0,0,0,0.00,0.00,0,0
24832,0,0,0,0.00,0.00,0,0
24884,0,0,0,0.00,0.00,0,0
24936,0,0,0,0.00,0.00,0,0
24988,0,0,0,0.00,0.00,0,0
25040,0,0,0,0.00,0.00,0,0
25092,0,0,0,0.00,0.00,0,0
25144,0,0,0,0.00,0.00,0,0
25196,0,0,0,0.00,0.00,0,0
25248,0,0,0,0.00,0.00,0,0
25300,0,0,0,0.00,0.00,0,0
25353,0,0,0,0.00,0.00,0,0
25405,0,0,0,0.00,0.00,0,0
25457,0,0,0,0.00,0.00,0,0
25509,0,0,0,0.00,0.00,0,0
25561,0,0,0,0.00,0.00,0,0
25613,0,0,0,0.00,0.00,0,0
25665,0,0,0,0.00,0.00,0,0
25717,0,0,0,0.00,0.00,0,0
25769,0,0,0,0.00,0.00,0,0
25822,0,0,0,0.00,0.00,0,0
25874,0,0,0,0.00,0.00,0,0
25926,0,0,0,0.00,0.00,0,0
25978,0,0,0,0.00,0.00,0,0
26030,0,0,0,0.00,0.00,0,0
26082,0,0,0,0.00,0.00,0,0
26134,0,0,0,0.00,0.00,0,0
26186,0,0,0,0.00,0.00,0,0
26238,0,0,0,0.00,0.00,0,0
26291,0,0,0,0.00,0.00,0,0
26343,0,0,0,0.00,0.00,0,0
26395,0,0,0,0.00,0.00,0,0
26447,0,0,0,0.00,0.00,0,0
26499,0,0,0,0.00,0.00,0,0
26551,0,0,0,0.00,0.00,0,0
26603,0,0,0,0.00,0.00,0,0
26655,0,0,0,0.00,0.00,0,0
26707,0,0,0,0.00,0.00,0,0
26759,0,0,0,0.00,0.00,0,0
26811,0,0,0,0.00,0.00,0,0
26863,0,0,0,0.00,0.00,0,0
26915,0,0,0,0.00,0.00,0,0
26967,0,0,0,0.00,0.00,0,0
27019,0,0,0,0.00,0.00,0,0
27071,0,0,0,0.00,0.00,0,0
27123,0,0,0,0.00,0.00,0,0
27175,0,0,0,0.00,0.00,0,0
27227,0,0,0,0.00,0.00,0,0
27279,0,0,0,0.00,0.00,0,0
27331,0,0,0,0.00,0.00,0,0
27383,0,0,0,0.00,0.00,0,0
27435,0,0,0,0.00,0.00,0,0
27487,0,0,0,0.00,0.00,0,0
27539,0,0,0,0.00,0.00,0,0
27591,0,0,0,0.00,0.00,0,0
27643,0,0,0,0.00,0.00,0,0
27695,0,0,0,0.00,0.00,0,0
27747,0,0,0,0.00,0.00,0,0
27799,0,0,0,0.00,0.00,0,0
27851,0,0,0,0.00,0.00,0,0
27904,0,0,0,0.00,0.00,0,0
27956,0,0,0,0.00,0.00,0,0
28008,0,0,0,0.00,0.00,0,0
28060,0,0,0,0.00,0.00,0,0
28112,0,0,0,0.00,0.00,0,0
28164,0,0,0,0.00,0.00,0,0
28216,0,0,0,0.00,0.00,0,0
28268,0,0,0,0.00,0.00,0,0
28320,0,0,0,0.00,0.00,0,0
28372,0,0,0,0.00,0.00,0,0
28425,0,0,0,0.00,0.00,0,0
28477,0,0,0,0.00,0.00,0,0
28529,0,0,0,0.00,0.00,0,0
28581,0,0,0,0.00,0.00,0,0
28633,0,0,0,0.00,0.00,0,0
28685,0,0,0,0.00,0.00,0,0
28737,0,0,0,0.00,0.00,0,0
28789,0,0,0,0.00,0.00,0,0
28841,0,0,0,0.00,0.00,0,0
28894,0,0,0,0.00,0.00,0,0
28946,0,0,0,0.00,0.00,0,0
28998,0,0,0,0.00,0.00,0,0
29050,0,0,0,0.00,0.00,0,0
29102,0,0,0,0.00,0.00,0,0
29154,0,0,0,0.00,0.00,0,0
29206,0,0,0,0.00,0.00,0,0
29258,0,0,0,0.00,0.00,0,0
29310,0,0,0,0.00,0.00,0,0
29363,0,0,0,0.00,0.00,0,0
29415,0,0,0,0.00,0.00,0,0
29467,0,0,0,0.00,0.00,0,0
29519,0,0,0,0.00,0.00,0,0
29571,0,0,0,0.00,0.00,0,0
29623,0,0,0,0.00,0.00,0,0
29675,0,0,0,0.00,0.00,0,0
29727,0,0,0,0.00,0.00,0,0
29779,0,0,0,0.00,0.00,0,0
29831,0,0,0,0.00,0.00,0,0
29883,0,0,0,0.00,0.00,0,0
29935,0,0,0,0.00,0.00,0,0
29987,0,0,0,0.00,0.00,0,0
30039,0,0,0,0.00,0.00,0,0
30091,0,0,0,0.00,0.00,0,0
30143,0,0,0,0.00,0.00,0,0
30195,0,0,0,0.00,0.00,0,0
30247,0,0,0,0.00,0.00,0,0
30299,0,0,0,0.00,0.00,0,0
30351,0,0,0,0.00,0.00,0,0
30403,0,0,0,0.00,0.00,0,0
30455,0,0,0,0.00,0.00,0,0
30507,0,0,0,0.00,0.00,0,0
30559,0,0,0,0.00,0.00,0,0
30611,0,0,0,0.00,0.00,0,0
30663,0,0,0,0.00,0.00,0,0
30715,0,0,0,0.00,0.00,0,0
30767,0,0,0,0.00,0.00,0,0
30819,0,0,0,0.00,0.00,0,0
30871,0,0,0,0.00,0.00,0,0
30923,0,0,0,0.00,0.00,0,0
30976,0,0,0,0.00,0.00,0,0
31028,0,0,0,0.00,0.00,0,0
31080,0,0,0,0.00,0.00,0,0
31132,0,0,0,0.00,0.00,0,0
31184,0,0,0,0.00,0.00,0,0
31236,0,0,0,0.00,0.00,0,0
31288,0,0,0,0.00,0.00,0,0
31340,0,0,0,0.00,0.00,0,0
31392,0,0,0,0.00,0.00,0,0
31444,0,0,0,0.00,0.00,0,0
31497,0,0,0,0.00,0.00,0,0
31549,0,0,0,0.00,0.00,0,0
31601,0,0,0,0.00,0.00,0,0
31653,0,0,0,0.00,0.00,0,0
31705,0,0,0,0.00,0.00,0,0
31757,0,0,0,0.00,0.00,0,0
31809,0,0,0,0.00,0.00,0,0
31861,0,0,0,0.00,0.00,0,0
31913,0,0,0,0.00,0.00,0,0
31966,0,0,0,0.00,0.00,0,0
32018,0,0,0,0.00,0.00,0,0
32070,0,0,0,0.00,0.00,0,0
32122,0,0,0,0.00,0.00,0,0
32174,0,0,0,0.00,0.00,0,0
32226,0,0,0,0.00,0.00,0,0
32278,0,0,0,0.00,0.00,0,0
32330,0,0,0,0.00,0.00,0,0
32382,0,0,0,0.00,0.00,0,0
32435,0,0,0,0.00,0.00,0,0
32487,0,0,0,0.00,0.00,0,0
32539,0,0,0,0.00,0.00,0,0
32591,0,0,0,0.00,0.00,0,0
32643,0,0,0,0.00,0.00,0,0
32695,0,0,0,0.00,0.00,0,0
32747,0,0,0,0.00,0.00,0,0
32799,0,0,0,0.00,0.00,0,0
32851,0,0,0,0.00,0.00,0,0
32903,0,0,0,0.00,0.00,0,0
32955,0,0,0,0.00,0.00,0,0
33007,0,0,0,0.00,0.00,0,0
33059,0,0,0,0.00,0.00,0,0
33111,0,0,0,0.00,0.00,0,0
33163,0,0,0,0.00,0.00,0,0
33215,0,0,0,0.00,0.00,0,0
33267,0,0,0,0.00,0.00,0,0
33319,0,0,0,0.00,0.00,0,0
33371,0,0,0,0.00,0.00,0,0
33423,0,0,0,0.00,0.00,0,0
33475,0,0,0,0.00,0.00,0,0
33527,0,0,0,0.00,0.00,0,0
33579,0,0,0,0.00,0.00,0,0
33631,0,0,0,0.00,0.00,0,0
33683,0,0,0,0.00,0.00,0,0
33735,0,0,0,0.00,0.00,0,0
33787,0,0,0,0.00,0.00,0,0
33839,0,0,0,0.00,0.00,0,0
33891,0,0,0,0.00,0.00,0,0
33943,0,0,0,0.00,0.00,0,0
33995,0,0,0,0.00,0.00,0,0
34048,0,0,0,0.00,0.00,0,0
34100,0,0,0,0.00,0.00,0,0
34152,0,0,0,0.00,0.00,0,0
34204,0,0,0,0.00,0.00,0,0
34256,0,0,0,0.00,0.00,0,0
34308,0,0,0,0.00,0.00,0,0
34360,0,0,0,0.00,0.00,0,0
34412,0,0,0,0.00,0.00,0,0
34464,0,0,0,0.00,0.00,0,0
34516,0,0,0,0.00,0.00,0,0
34569,0,0,0,0.00,0.00,0,0
34621,0,0,0,0.00,0.00,0,0
34673,0,0,0,0.00,0.00,0,0
34725,0,0,0,0.00,0.00,0,0
34777,0,0,0,0.00,0.00,0,0
34829,0,0,0,0.00,0.00,0,0
34881,0,0,0,0.00,0.00,0,0
34933,0,0,0,0.00,0.00,0,0
34985,0,0,0,0.00,0.00,0,0
35038,0,0,0,0.00,0.00,0,0
35090,0,0,0,0.00,0.00,0,0
35142,0,0,0,0.00,0.00,0,0
35194,0,0,0,0.00,0.00,0,0
35246,0,0,0,0.00,0.00,0,0
35298,0,0,0,0.00,0.00,0,0
35350,0,0,0,0.00,0.00,0,0
35402,0,0,0,0.00,0.00,0,0
35454,0,0,0,0.00,0.00,0,0
35507,0,0,0,0.00,0.00,0,0
35559,0,0,0,0.00,0.00,0,0
35611,0,0,0,0.00,0.00,0,0
35663,0,0,0,0.00,0.00,0,0
35715,0,0,0,0.00,0.00,0,0
35767,0,0,0,0.00,0.00,0,0
35819,0,0,0,0.00,0.00,0,0
35871,0,0,0,0.00,0.00,0,0
36022,0,0,0,0.00,0.00,0,0
36074,0,0,0,0.00,0.00,0,0
36126,0,0,0,0.00,0.00,0,0
36178,0,0,0,0.00,0.00,0,0
36230,0,0,0,0.00,0.00,0,0
36282,0,0,0,0.00,0.00,0,0
36334,0,0,0,0.00,0.00,0,0
36386,0,0,0,0.00,0.00,0,0
36438,0,0,0,0.00,0.00,0,0
36490,0,0,0,0.00,0.00,0,0
36542,0,0,0,0.00,0.00,0,0
36594,0,0,0,0.00,0.00,0,0
36646,0,0,0,0.00,0.00,0,0
36698,0,0,0,0.00,0.00,0,0
36750,0,0,0,0.00,0.00,0,0
36802,0,0,0,0.00,0.00,0,0
36854,0,0,0,0.00,0.00,0,0
36907,0,0,0,0.00,0.00,0,0
36959,0,0,0,0.00,0.00,0,0
37011,0,0,0,0.00,0.00,0,0
37063,0,0,0,0.00,0.00,0,0
37115,0,0,0,0.00,0.00,0,0
37167,0,0,0,0.00,0.00,0,0
37219,0,0,0,0.00,0.00,0,0
37271,0,0,0,0.00,0.00,0,0
37323,0,0,0,0.00,0.00,0,0
37376,0,0,0,0.00,0.00,0,0
37428,0,0,0,0.00,0.00,0,0
37480,0,0,0,0.00,0.00,0,0
37532,0,0,0,0.00,0.00,0,0
37584,0,0,0,0.00,0.00,0,0
37636,0,0,0,0.00,0.00,0,0
37688,0,0,0,0.00,0.00,0,0
37740,0,0,0,0.00,0.00,0,0
37792,0,0,0,0.00,0.00,0,0
37844,0,0,0,0.00,0.00,0,0
37897,0,0,0,0.00,0.00,0,0
37949,0,0,0,0.00,0.00,0,0
38001,0,0,0,0.00,0.00,0,0
38053,0,0,0,0.00,0.00,0,0
38105,0,0,0,0.00,0.00,0,0
38157,0,0,0,0.00,0.00,0,0
38209,0,0,0,0.00,0.00,0,0
38261,0,0,0,0.00,0.00,0,0
38313,0,0,0,0.00,0.00,0,0
38366,0,0,0,0.00,0.00,0,0
38418,0,0,0,0.00,0.00,0,0
38470,0,0,0,0.00,0.00,0,0
38522,0,0,0,0.00,0.00,0,0
38574,0,0,0,0.00,0.00,0,0
38626,0,0,0,0.00,0.00,0,0
38806,0,0,0,0.00,0.00,0,0
38859,0,0,0,0.00,0.00,0,0
38912,0,0,0,0.00,0.00,0,0
38964,0,0,0,0.00,0.00,0,0
39016,0,0,0,0.00,0.00,0,0
39068,0,0,0,0.00,0.00,0,0
39120,0,0,0,0.00,0.00,0,0
39172,0,0,0,0.00,0.00,0,0
39224,0,0,0,0.00,0.00,0,0
39276,0,0,0,0.00,0.00,0,0
39328,0,0,0,0.00,0.00,0,0
39380,0,0,0,0.00,0.00,0,0
39433,0,0,0,0.00,0.00,0,0
39485,0,0,0,0.00,0.00,0,0
39537,0,0,0,0.00,0.00,0,0
39589,0,0,0,0.00,0.00,0,0
39641,0,0,0,0.00,0.00,0,0
39693,0,0,0,0.00,0.00,0,0
39745,0,0,0,0.00,0.00,0,0
39797,0,0,0,0.00,0.00,0,0
39849,0,0,0,0.00,0.00,0,0
39902,0,0,0,0.00,0.00,0,0
39954,0,0,0,0.00,0.00,0,0
40006,0,0,0,0.00,0.00,0,0
40058,0,0,0,0.00,0.00,0,0
40110,0,0,0,0.00,0.00,0,0
40162,0,0,0,0.00,0.00,0,0
40214,0,0,0,0.00,0.00,0,0
40266,0,0,0,0.00,0.00,0,0
40318,0,0,0,0.00,0.00,0,0
40371,0,0,0,0.00,0.00,0,0
40423,0,0,0,0.00,0.00,0,0
40475,0,0,0,0.00,0.00,0,0
40527,0,0,0,0.00,0.00,0,0
40579,0,0,0,0.00,0.00,0,0
40631,0,0,0,0.00,0.00,0,0
40683,0,0,0,0.00,0.00,0,0
40735,0,0,0,0.00,0.00,0,0
40787,0,0,0,0.00,0.00,0,0
40839,0,0,0,0.00,0.00,0,0
40891,0,0,0,0.00,0.00,0,0
40943,0,0,0,0.00,0.00,0,0
40995,0,0,0,0.00,0.00,0,0
41047,0,0,0,0.00,0.00,0,0
41099,0,0,0,0.00,0.00,0,0
41151,0,0,0,0.00,0.00,0,0
41203,0,0,0,0.00,0.00,0,0
41255,0,0,0,0.00,0.00,0,0
41307,0,0,0,0.00,0.00,0,0
41359,0,0,0,0.00,0.00,0,0
41411,0,0,0,0.00,0.00,0,0
41463,0,0,0,0.00,0.00,0,0
41515,0,0,0,0.00,0.00,0,0
41567,0,0,0,0.00,0.00,0,0
41619,0,0,0,0.00,0.00,0,0
41671,0,0,0,0.00,0.00,0,0
41723,0,0,0,0.00,0.00,0,0
41775,0,0,0,0.00,0.00,0,0
41827,0,0,0,0.00,0.00,0,0
41879,0,0,0,0.00,0.00,0,0
41931,0,0,0,0.00,0.00,0,0
41984,0,0,0,0.00,0.00,0,0
42036,0,0,0,0.00,0.00,0,0
42088,0,0,0,0.00,0.00,0,0
42140,0,0,0,0.00,0.00,0,0
42192,0,0,0,0.00,0.00,0,0
42244,0,0,0,0.00,0.00,0,0
42296,0,0,0,0.00,0.00,0,0
42348,0,0,0,0.00,0.00,0,0
42400,0,0,0,0.00,0.00,0,0
42452,0,0,0,0.00,0.00,0,0
42505,0,0,0,0.00,0.00,0,0
42557,0,0,0,0.00,0.00,0,0
42609,0,0,0,0.00,0.00,0,0
42661,0,0,0,0.00,0.00,0,0
42713,0,0,0,0.00,0.00,0,0
42765,0,0,0,0.00,0.00,0,0
42817,0,0,0,0.00,0.00,0,0
42869,0,0,0,0.00,0.00,0,0
42921,0,0,0,0.00,0.00,0,0
42974,0,0,0,0.00,0.00,0,0
43026,0,0,0,0.00,0.00,0,0
43078,0,0,0,0.00,0.00,0,0
43130,0,0,0,0.00,0.00,0,0
43182,0,0,0,0.00,0.00,0,0
43234,0,0,0,0.00,0.00,0,0
43286,0,0,0,0.00,0.00,0,0
43338,0,0,0,0.00,0.00,0,0
43390,0,0,0,0.00,0.00,0,0
43443,0,0,0,0.00,0.00,0,0
43495,0,0,0,0.00,0.00,0,0
43547,0,0,0,0.00,0.00,0,0
43599,0,0,0,0.00,0.00,0,0
43651,0,0,0,0.00,0.00,0,0
43703,0,0,0,0.00,0.00,0,0
43755,0,0,0,0.00,0.00,0,0
43807,0,0,0,0.00,0.00,0,0
43859,0,0,0,0.00,0.00,0,0
43911,0,0,0,0.00,0.00,0,0
43963,0,0,0,0.00,0.00,0,0
44015,0,0,0,0.00,0.00,0,0
44067,0,0,0,0.00,0.00,0,0
44119,0,0,0,0.00,0.00,0,0
44171,0,0,0,0.00,0.00,0,0
44223,0,0,0,0.00,0.00,0,0
44275,0,0,0,0.00,0.00,0,0
44327,0,0,0,0.00,0.00,0,0
44379,0,0,0,0.00,0.00,0,0
44431,0,0,0,0.00,0.00,0,0
44483,0,0,0,0.00,0.00,0,0
44535,0,0,0,0.00,0.00,0,0
44587,0,0,0,0.00,0.00,0,0
44639,0,0,0,0.00,0.00,0,0
44691,0,0,0,0.00,0.00,0,0
44743,0,0,0,0.00,0.00,0,0
44795,0,0,0,0.00,0.00,0,0
44847,0,0,0,0.00,0.00,0,0
44899,0,0,0,0.00,0.00,0,0
44951,0,0,0,0.00,0.00,0,0
45003,0,0,0,0.00,0.00,0,0
45056,0,0,0,0.00,0.00,0,0
45108,0,0,0,0.00,0.00,0,0
45160,0,0,0,0.00,0.00,0,0
45212,0,0,0,0.00,0.00,0,0
45264,0,0,0,0.00,0.00,0,0
45316,0,0,0,0.00,0.00,0,0
45368,0,0,0,0.00,0.00,0,0
45420,0,0,0,0.00,0.00,0,0
45472,0,0,0,0.00,0.00,0,0
45524,0,0,0,0.00,0.00,0,0
45577,0,0,0,0.00,0.00,0,0
45629,0,0,0,0.00,0.00,0,0
45681,0,0,0,0.00,0.00,0,0
45733,0,0,0,0.00,0.00,0,0
45785,0,0,0,0.00,0.00,0,0
45837,0,0,0,0.00,0.00,0,0
45889,0,0,0,0.00,0.00,0,0
45941,0,0,0,0.00,0.00,0,0
45993,0,0,0,0.00,0.00,0,0
46046,0,0,0,0.00,0.00,0,0
46098,0,0,0,0.00,0.00,0,0
46150,0,0,0,0.00,0.00,0,0
46202,0,0,0,0.00,0.00,0,0
46254,0,0,0,0.00,0.00,0,0
46306,0,0,0,0.00,0.00,0,0
46358,0,0,0,0.00,0.00,0,0
46410,0,0,0,0.00,0.00,0,0
46462,0,0,0,0.00,0.00,0,0
46515,0,0,0,0.00,0.00,0,0
46567,0,0,0,0.00,0.00,0,0
46619,0,0,0,0.00,0.00,0,0
46671,0,0,0,0.00,0.00,0,0
46723,0,0,0,0.00,0.00,0,0
46775,0,0,0,0.00,0.00,0,0
46827,0,0,0,0.00,0.00,0,0
46879,0,0,0,0.00,0.00,0,0
46931,0,0,0,0.00,0.00,0,0
46983,0,0,0,0.00,0.00,0,0
47035,0,0,0,0.00,0.00,0,0
47087,0,0,0,0.00,0.00,0,0
47139,0,0,0,0.00,0.00,0,0
47191,0,0,0,0.00,0.00,0,0
47243,0,0,0,0.00,0.00,0,0
47295,0,0,0,0.00,0.00,0,0
47347,0,0,0,0.00,0.00,0,0
47399,0,0,0,0.00,0.00,0,0
47451,0,0,0,0.00,0.00,0,0
47503,0,0,0,0.00,0.00,0,0
47555,0,0,0,0.00,0.00,0,0
47607,0,0,0,0.00,0.00,0,0
47659,0,0,0,0.00,0.00,0,0
47711,0,0,0,0.00,0.00,0,0
47763,0,0,0,0.00,0.00,0,0
47815,0,0,0,0.00,0.00,0,0
47867,0,0,0,0.00,0.00,0,0
47919,0,0,0,0.00,0.00,0,0
47971,0,0,0,0.00,0.00,0,0
48023,0,0,0,0.00,0.00,0,0
48075,0,0,0,0.00,0.00,0,0
48128,0,0,0,0.00,0.00,0,0
48180,0,0,0,0.00,0.00,0,0
48232,0,0,0,0.00,0.00,0,0
48284,0,0,0,0.00,0.00,0,0
48336,0,0,0,0.00,0.00,0,0
48388,0,0,0,0.00,0.00,0,0
48440,0,0,0,0.00,0.00,0,0
48492,0,0,0,0.00,0.00,0,0
48544,0,0,0,0.00,0.00,0,0
48596,0,0,0,0.00,0.00,0,0
48649,0,0,0,0.00,0.00,0,0
48701,0,0,0,0.00,0.00,0,0
48753,0,0,0,0.00,0.00,0,0
48805,0,0,0,0.00,0.00,0,0
48857,0,0,0,0.00,0.00,0,0
48909,0,0,0,0.00,0.00,0,0
48961,0,0,0,0.00,0.00,0,0
49013,0,0,0,0.00,0.00,0,0
49065,0,0,0,0.00,0.00,0,0
49118,0,0,0,0.00,0.00,0,0
49170,0,0,0,0.00,0.00,0,0
49222,0,0,0,0.00,0.00,0,0
49274,0,0,0,0.00,0.00,0,0
49326,0,0,0,0.00,0.00,0,0
49378,0,0,0,0.00,0.00,0,0
49430,0,0,0,0.00,0.00,0,0
49482,0,0,0,0.00,0.00,0,0
49534,0,0,0,0.00,0.00,0,0
49587,0,0,0,0.00,0.00,0,0
49639,0,0,0,0.00,0.00,0,0
49691,0,0,0,0.00,0.00,0,0
49743,0,0,0,0.00,0.00,0,0
49795,0,0,0,0.00,0.00,0,0
49847,0,0,0,0.00,0.00,0,0
49899,0,0,0,0.00,0.00,0,0
49951,0,0,0,0.00,0.00,0,0
50003,0,0,0,0.00,0.00,0,0
50055,0,0,0,0.00,0.00,0,0
50107,0,0,0,0.00,0.00,0,0
50159,0,0,0,0.00,0.00,0,0
50211,0,0,0,0.00,0.00,0,0
50263,0,0,0,0.00,0.00,0,0
50315,0,0,0,0.00,0.00,0,0
50367,0,0,0,0.00,0.00,0,0
50419,0,0,0,0.00,0.00,0,0
50471,0,0,0,0.00,0.00,0,0
50523,0,0,0,0.00,0.00,0,0
50575,0,0,0,0.00,0.00,0,0
50627,0,0,0,0.00,0.00,0,0
50679,0,0,0,0.00,0.00,0,0
50731,0,0,0,0.00,0.00,0,0
50783,0,0,0,0.00,0.00,0,0
50835,0,0,0,0.00,0.00,0,0
50887,0,0,0,0.00,0.00,0,0
50939,0,0,0,0.00,0.00,0,0
50991,0,0,0,0.00,0.00,0,0
51043,0,0,0,0.00,0.00,0,0
51095,0,0,0,0.00,0.00,0,0
51147,0,0,0,0.00,0.00,0,0
51200,0,0,0,0.00,0.00,0,0
51252,0,0,0,0.00,0.00,0,0
51304,0,0,0,0.00,0.00,0,0
51356,0,0,0,0.00,0.00,0,0
51408,0,0,0,0.00,0.00,0,0
51460,0,0,0,0.00,0.00,0,0
51512,0,0,0,0.00,0.00,0,0
51564,0,0,0,0.00,0.00,0,0
51616,0,0,0,0.00,0.00,0,0
51668,0,0,0,0.00,0.00,0,0
51721,0,0,0,0.00,0.00,0,0
51773,0,0,0,0.00,0.00,0,0
51825,0,0,0,0.00,0.00,0,0
51877,0,0,0,0.00,0.00,0,0
51929,0,0,0,0.00,0.00,0,0
51981,0,0,0,0.00,0.00,0,0
52033,0,0,0,0.00,0.00,0,0
52085,0,0,0,0.00,0.00,0,0
52137,0,0,0,0.00,0.00,0,0
52190,0,0,0,0.00,0.00,0,0
52242,0,0,0,0.00,0.00,0,0
52294,0,0,0,0.00,0.00,0,0
52346,0,0,0,0.00,0.00,0,0
52398,0,0,0,0.00,0.00,0,0
52450,0,0,0,0.00,0.00,0,0
52502,0,0,0,0.00,0.00,0,0
52554,0,0,0,0.00,0.00,0,0
52606,0,0,0,0.00,0.00,0,0
52659,0,0,0,0.00,0.00,0,0
52711,0,0,0,0.00,0.00,0,0
52763,0,0,0,0.00,0.00,0,0
52815,0,0,0,0.00,0.00,0,0
52867,0,0,0,0.00,0.00,0,0
52919,0,0,0,0.00,0.00,0,0
52971,0,0,0,0.00,0.00,0,0
53023,0,0,0,0.00,0.00,0,0
53075,0,0,0,0.00,0.00,0,0
53127,0,0,0,0.00,0.00,0,0
53179,0,0,0,0.00,0.00,0,0
53231,0,0,0,0.00,0.00,0,0
53283,0,0,0,0.00,0.00,0,0
53335,0,0,0,0.00,0.00,0,0
53387,0,0,0,0.00,0.00,0,0
53439,0,0,0,0.00,0.00,0,0
53491,0,0,0,0.00,0.00,0,0
53543,0,0,0,0.00,0.00,0,0
53595,0,0,0,0.00,0.00,0,0
53647,0,0,0,0.00,0.00,0,0
53699,0,0,0,0.00,0.00,0,0
53751,0,0,0,0.00,0.00,0,0
53803,0,0,0,0.00,0.00,0,0
53855,0,0,0,0.00,0.00,0,0
53907,0,0,0,0.00,0.00,0,0
53959,0,0,0,0.00,0.00,0,0
54011,0,0,0,0.00,0.00,0,0
54063,0,0,0,0.00,0.00,0,0
54115,0,0,0,0.00,0.00,0,0
54167,0,0,0,0.00,0.00,0,0
54219,0,0,0,0.00,0.00,0,0
54272,0,0,0,0.00,0.00,0,0
54324,0,0,0,0.00,0.00,0,0
54376,0,0,0,0.00,0.00,0,0
54428,0,0,0,0.00,0.00,0,0
54480,0,0,0,0.00,0.00,0,0
54532,0,0,0,0.00,0.00,0,0
54584,0,0,0,0.00,0.00,0,0
54636,0,0,0,0.00,0.00,0,0
54688,0,0,0,0.00,0.00,0,0
54740,0,0,0,0.00,0.00,0,0
54793,0,0,0,0.00,0.00,0,0
54845,0,0,0,0.00,0.00,0,0
54897,0,0,0,0.00,0.00,0,0
54949,0,0,0,0.00,0.00,0,0
55001,0,0,0,0.00,0.00,0,0
55053,0,0,0,0.00,0.00,0,0
55105,0,0,0,0.00,0.00,0,0
55157,0,0,0,0.00,0.00,0,0
55209,0,0,0,0.00,0.00,0,0
55262,0,0,0,0.00,0.00,0,0
55314,0,0,0,0.00,0.00,0,0
55366,0,0,0,0.00,0.00,0,0
55418,0,0,0,0.00,0.00,0,0
55470,0,0,0,0.00,0.00,0,0
55522,0,0,0,0.00,0.00,0,0
55574,0,0,0,0.00,0.00,0,0
55626,0,0,0,0.00,0.00,0,0
55678,0,0,0,0.00,0.00,0,0
55731,0,0,0,0.00,0.00,0,0
55783,0,0,0,0.00,0.00,0,0
55835,0,0,0,0.00,0.00,0,0
55887,0,0,0,0.00,0.00,0,0
55939,0,0,0,0.00,0.00,0,0
55991,0,0,0,0.00,0.00,0,0
56043,0,0,0,0.00,0.00,0,0
56095,0,0,0,0.00,0.00,0,0
56147,0,0,0,0.00,0.00,0,0
56199,0,0,0,0.00,0.00,0,0
56251,0,0,0,0.00,0.00,0,0
56303,0,0,0,0.00,0.00,0,0
56355,0,0,0,0.00,0.00,0,0
56407,0,0,0,0.00,0.00,0,0
56459,0,0,0,0.00,0.00,0,0
56511,0,0,0,0.00,0.00,0,0
56563,0,0,0,0.00,0.00,0,0
56615,0,0,0,0.00,0.00,0,0
56667,0,0,0,0.00,0.00,0,0
56719,0,0,0,0.00,0.00,0,0
56771,0,0,0,0.00,0.00,0,0
56823,0,0,0,0.00,0.00,0,0
56875,0,0,0,0.00,0.00,0,0
56927,0,0,0,0.00,0.00,0,0
56979,0,0,0,0.00,0.00,0,0
57031,0,0,0,0.00,0.00,0,0
57083,0,0,0,0.00,0.00,0,0
57135,0,0,0,0.00,0.00,0,0
57187,0,0,0,0.00,0.00,0,0
57239,0,0,0,0.00,0.00,0,0
57291,0,0,0,0.00,0.00,0,0
57344,0,0,0,0.00,0.00,0,0
57396,0,0,0,0.00,0.00,0,0
57448,0,0,0,0.00,0.00,0,0
57500,0,0,0,0.00,0.00,0,0
57552,0,0,0,0.00,0.00,0,0
57604,0,0,0,0.00,0.00,0,0
57656,0,0,0,0.00,0.00,0,0
57708,0,0,0,0.00,0.00,0,0
57760,0,0,0,0.00,0.00,0,0
57812,0,0,0,0.00,0.00,0,0
57865,0,0,0,0.00,0.00,0,0
57917,0,0,0,0.00,0.00,0,0
57969,0,0,0,0.00,0.00,0,0
58021,0,0,0,0.00,0.00,0,0
58073,0,0,0,0.00,0.00,0,0
58125,0,0,0,0.00,0.00,0,0
58177,0,0,0,0.00,0.00,0,0
58229,0,0,0,0.00,0.00,0,0
58281,0,0,0,0.00,0.00,0,0
58334,0,0,0,0.00,0.00,0,0
58386,0,0,0,0.00,0.00,0,0
58438,0,0,0,0.00,0.00,0,0
58490,0,0,0,0.00,0.00,0,0
58542,0,0,0,0.00,0.00,0,0
58594,0,0,0,0.00,0.00,0,0
58646,0,0,0,0.00,0.00,0,0
58698,0,0,0,0.00,0.00,0,0
58750,0,0,0,0.00,0.00,0,0
58803,0,0,0,0.00,0.00,0,0
58855,0,0,0,0.00,0.00,0,0
58907,0,0,0,0.00,0.00,0,0
58959,0,0,0,0.00,0.00,0,0
59011,0,0,0,0.00,0.00,0,0
59063,0,0,0,0.00,0.00,0,0
59115,0,0,0,0.00,0.00,0,0
59167,0,0,0,0.00,0.00,0,0
59219,0,0,0,0.00,0.00,0,0
59271,0,0,0,0.00,0.00,0,0
59323,0,0,0,0.00,0.00,0,0
59375,0,0,0,0.00,0.00,0,0
59427,0,0,0,0.00,0.00,0,0
59479,0,0,0,0.00,0.00,0,0
59531,0,0,0,0.00,0.00,0,0
59583,0,0,0,0.00,0.00,0,0
59635,0,0,0,0.00,0.00,0,0
59687,0,0,0,0.00,0.00,0,0
59739,0,0,0,0.00,0.00,0,0
59791,0,0,0,0.00,0.00,0,0
59843,0,0,0,0.00,0.00,0,0
59895,0,0,0,0.00,0.00,0,0
59947,0,0,0,0.00,0.00,0,0
59999,0,0,0,0.00,0.00,0,0
60051,0,0,0,0.00,0.00,0,0
60103,0,0,0,0.00,0.00,0,0
60155,0,0,0,0.00,0.00,0,0
60207,0,0,0,0.00,0.00,0,0
60259,0,0,0,0.00,0.00,0,0
60311,0,0,0,0.00,0.00,0,0
60363,0,0,0,0.00,0.00,0,0
60416,0,0,0,0.00,0.00,0,0
60468,0,0,0,0.00,0.00,0,0
60520,0,0,0,0.00,0.00,0,0
60572,0,0,0,0.00,0.00,0,0
60624,0,0,0,0.00,0.00,0,0
60676,0,0,0,0.00,0.00,0,0
60728,0,0,0,0.00,0.00,0,0
60780,0,0,0,0.00,0.00,0,0
60832,0,0,0,0.00,0.00,0,0
60884,0,0,0,0.00,0.00,0,0
60937,0,0,0,0.00,0.00,0,0
60989,0,0,0,0.00,0.00,0,0
61041,0,0,0,0.00,0.00,0,0
61093,0,0,0,0.00,0.00,0,0
61145,0,0,0,0.00,0.00,0,0
61197,0,0,0,0.00,0.00,0,0
61249,0,0,0,0.00,0.00,0,0
61301,0,0,0,0.00,0.00,0,0
61353,0,0,0,0.00,0.00,0,0
61406,0,0,0,0.00,0.00,0,0
61458,0,0,0,0.00,0.00,0,0
61510,0,0,0,0.00,0.00,0,0
61562,0,0,0,0.00,0.00,0,0
61614,0,0,0,0.00,0.00,0,0
61666,0,0,0,0.00,0.00,0,0
61718,0,0,0,0.00,0.00,0,0
61770,0,0,0,0.00,0.00,0,0
61822,0,0,0,0.00,0.00,0,0
61875,0,0,0,0.00,0.00,0,0
61927,0,0,0,0.00,0.00,0,0
61979,0,0,0,0.00,0.00,0,0
62031,0,0,0,0.00,0.00,0,0
62083,0,0,0,0.00,0.00,0,0
62135,0,0,0,0.00,0.00,0,0
62187,0,0,0,0.00,0.00,0,0
62239,0,0,0,0.00,0.00,0,0
62291,0,0,0,0.00,0.00,0,0
62343,0,0,0,0.00,0.00,0,0
62395,0,0,0,0.00,0.00,0,0
62447,0,0,0,0.00,0.00,0,0
62499,0,0,0,0.00,0.00,0,0
62551,0,0,0,0.00,0.00,0,0
62603,0,0,0,0.00,0.00,0,0
62655,0,0,0,0.00,0.00,0,0
62707,0,0,0,0.00,0.00,0,0
62759,0,0,0,0.00,0.00,0,0
62811,0,0,0,0.00,0.00,0,0
62863,0,0,0,0.00,0.00,0,0
62915,0,0,0,0.00,0.00,0,0
62967,0,0,0,0.00,0.00,0,0
63019,0,0,0,0.00,0.00,0,0
63071,0,0,0,0.00,0.00,0,0
63123,0,0,0,0.00,0.00,0,0
63175,0,0,0,0.00,0.00,0,0
63227,0,0,0,0.00,0.00,0,0
63279,0,0,0,0.00,0.00,0,0
63331,0,0,0,0.00,0.00,0,0
63383,0,0,0,0.00,0.00,0,0
63435,0,0,0,0.00,0.00,0,0
63488,0,0,0,0.00,0.00,0,0
63540,0,0,0,0.00,0.00,0,0
63592,0,0,0,0.00,0.00,0,0
63644,0,0,0,0.00,0.00,0,0
63696,0,0,0,0.00,0.00,0,0
63748,0,0,0,0.00,0.00,0,0
63800,0,0,0,0.00,0.00,0,0
63852,0,0,0,0.00,0.00,0,0
63904,0,0,0,0.00,0.00,0,0
63956,0,0,0,0.00,0.00,0,0
64009,0,0,0,0.00,0.00,0,0
64061,0,0,0,0.00,0.00,0,0
64113,0,0,0,0.00,0.00,0,0
64165,0,0,0,0.00,0.00,0,0
64217,0,0,0,0.00,0.00,0,0
64269,0,0,0,0.00,0.00,0,0
64321,0,0,0,0.00,0.00,0,0
64373,0,0,0,0.00,0.00,0,0
64425,0,0,0,0.00,0.00,0,0
64478,0,0,0,0.00,0.00,0,0
64530,0,0,0,0.00,0.00,0,0
64582,0,0,0,0.00,0.00,0,0
64634,0,0,0,0.00,0.00,0,0
64686,0,0,0,0.00,0.00,0,0
64738,0,0,0,0.00,0.00,0,0
64790,0,0,0,0.00,0.00,0,0
64842,0,0,0,0.00,0.00,0,0
64894,0,0,0,0.00,0.00,0,0
64947,0,0,0,0.00,0.00,0,0
64999,0,0,0,0.00,0.00,0,0
65051,0,0,0,0.00,0.00,0,0
65103,0,0,0,0.00,0.00,0,0
65155,0,0,0,0.00,0.00,0,0
65207,0,0,0,0.00,0.00,0,0
65259,0,0,0,0.00,0.00,0,0
65311,0,0,0,0.00,0.00,0,0
65363,0,0,0,0.00,0.00,0,0
65415,0,0,0,0.00,0.00,0,0
65467,0,0,0,0.00,0.00,0,0
65519,0,0,0,0.00,0.00,0,0
65571,0,0,0,0.00,0.00,0,0
65623,0,0,0,0.00,0.00,0,0
65675,0,0,0,0.00,0.00,0,0
65727,0,0,0,0.00,0.00,0,0
65779,0,0,0,0.00,0.00,0,0
65831,0,0,0,0.00,0.00,0,0
65883,0,0,0,0.00,0.00,0,0
65935,0,0,0,0.00,0.00,0,0
65987,0,0,0,0.00,0.00,0,0
66039,0,0,0,0.00,0.00,0,0
66091,0,0,0,0.00,0.00,0,0
66143,0,0,0,0.00,0.00,0,0
66195,0,0,0,0.00,0.00,0,0
66247,0,0,0,0.00,0.00,0,0
66299,0,0,0,0.00,0.00,0,0
66351,0,0,0,0.00,0.00,0,0
66403,0,0,0,0.00,0.00,0,0
66455,0,0,0,0.00,0.00,0,0
66507,0,0,0,0.00,0.00,0,0
66560,0,0,0,0.00,0.00,0,0
66612,0,0,0,0.00,0.00,0,0
66664,0,0,0,0.00,0.00,0,0
66716,0,0,0,0.00,0.00,0,0
66768,0,0,0,0.00,0.00,0,0
66820,0,0,0,0.00,0.00,0,0
66872,0,0,0,0.00,0.00,0,0
66924,0,0,0,0.00,0.00,0,0
66976,0,0,0,0.00,0.00,0,0
67028,0,0,0,0.00,0.00,0,0
67081,0,0,0,0.00,0.00,0,0
67133,0,0,0,0.00,0.00,0,0
67185,0,0,0,0.00,0.00,0,0
67237,0,0,0,0.00,0.00,0,0
67289,0,0,0,0.00,0.00,0,0
67341,0,0,0,0.00,0.00,0,0
67393,0,0,0,0.00,0.00,0,0
67445,0,0,0,0.00,0.00,0,0
67497,0,0,0,0.00,0.00,0,0
67550,0,0,0,0.00,0.00,0,0
67602,0,0,0,0.00,0.00,0,0
67654,0,0,0,0.00,0.00,0,0
67706,0,0,0,0.00,0.00,0,0
67758,0,0,0,0.00,0.00,0,0
67810,0,0,0,0.00,0.00,0,0
67862,0,0,0,0.00,0.00,0,0
67914,0,0,0,0.00,0.00,0,0
67966,0,0,0,0.00,0.00,0,0
68019,0,0,0,0.00,0.00,0,0
68071,0,0,0,0.00,0.00,0,0
68123,0,0,0,0.00,0.00,0,0
68175,0,0,0,0.00,0.00,0,0
68227,0,0,0,0.00,0.00,0,0
68279,0,0,0,0.00,0.00,0,0
68331,0,0,0,0.00,0.00,0,0
68383,0,0,0,0.00,0.00,0,0
68435,0,0,0,0.00,0.00,0,0
68487,0,0,0,0.00,0.00,0,0
68539,0,0,0,0.00,0.00,0,0
68591,0,0,0,0.00,0.00,0,0
68643,0,0,0,0.00,0.00,0,0
68695,0,0,0,0.00,0.00,0,0
68747,0,0,0,0.00,0.00,0,0
68799,0,0,0,0.00,0.00,0,0
68851,0,0,0,0.00,0.00,0,0
68903,0,0,0,0.00,0.00,0,0
68955,0,0,0,0.00,0.00,0,0
69007,0,0,0,0.00,0.00,0,0
69059,0,0,0,0.00,0.00,0,0
69111,0,0,0,0.00,0.00,0,0
69163,0,0,0,0.00,0.00,0,0
69215,0,0,0,0.00,0.00,0,0
69267,0,0,0,0.00,0.00,0,0
69319,0,0,0,0.00,0.00,0,0
69371,0,0,0,0.00,0.00,0,0
69423,0,0,0,0.00,0.00,0,0
69475,0,0,0,0.00,0.00,0,0
69527,0,0,0,0.00,0.00,0,0
69579,0,0,0,0.00,0.00,0,0
69632,0,0,0,0.00,0.00,0,0
69684,0,0,0,0.00,0.00,0,0
69736,0,0,0,0.00,0.00,0,0
69788,0,0,0,0.00,0.00,0,0
69840,0,0,0,0.00,0.00,0,0
69892,0,0,0,0.00,0.00,0,0
69944,0,0,0,0.00,0.00,0,0
69996,0,0,0,0.00,0.00,0,0
70048,0,0,0,0.00,0.00,0,0
70100,0,0,0,0.00,0.00,0,0
70153,0,0,0,0.00,0.00,0,0
70205,0,0,0,0.00,0.00,0,0
70257,0,0,0,0.00,0.00,0,0
70309,0,0,0,0.00,0.00,0,0
70361,0,0,0,0.00,0.00,0,0
70413,0,0,0,0.00,0.00,0,0
70465,0,0,0,0.00,0.00,0,0
70517,0,0,0,0.00,0.00,0,0
70569,0,0,0,0.00,0.00,0,0
70622,0,0,0,0.00,0.00,0,0
70674,0,0,0,0.00,0.00,0,0
70726,0,0,0,0.00,0.00,0,0
70778,0,0,0,0.00,0.00,0,0
70830,0,0,0,0.00,0.00,0,0
70882,0,0,0,0.00,0.00,0,0
70934,0,0,0,0.00,0.00,0,0
70986,0,0,0,0.00,0.00,0,0
71038,0,0,0,0.00,0.00,0,0
71091,0,0,0,0.00,0.00,0,0
71143,0,0,0,0.00,0.00,0,0
71195,0,0,0,0.00,0.00,0,0
71247,0,0,0,0.00,0.00,0,0
71299,0,0,0,0.00,0.00,0,0
71351,0,0,0,0.00,0.00,0,0
71403,0,0,0,0.00,0.00,0,0
71455,0,0,0,0.00,0.00,0,0
71507,0,0,0,0.00,0.00,0,0
71559,0,0,0,0.00,0.00,0,0
71611,0,0,0,0.00,0.00,0,0
71663,0,0,0,0.00,0.00,0,0
71715,0,0,0,0.00,0.00,0,0
71767,0,0,0,0.00,0.00,0,0
71819,0,0,0,0.00,0.00,0,0
71871,0,0,0,0.00,0.00,0,0
71923,0,0,0,0.00,0.00,0,0
71975,0,0,0,0.00,0.00,0,0
72027,0,0,0,0.00,0.00,0,0
72079,0,0,0,0.00,0.00,0,0
72131,0,0,0,0.00,0.00,0,0
72183,0,0,0,0.00,0.00,0,0
72235,0,0,0,0.00,0.00,0,0
72287,0,0,0,0.00,0.00,0,0
72339,0,0,0,0.00,0.00,0,0
72391,0,0,0,0.00,0.00,0,0
72443,0,0,0,0.00,0.00,0,0
72495,0,0,0,0.00,0.00,0,0
72547,0,0,0,0.00,0.00,0,0
72599,0,0,0,0.00,0.00,0,0
72651,0,0,0,0.00,0.00,0,0
72704,0,0,0,0.00,0.00,0,0
72756,0,0,0,0.00,0.00,0,0
72808,0,0,0,0.00,0.00,0,0
72860,0,0,0,0.00,0.00,0,0
72912,0,0,0,0.00,0.00,0,0
72964,0,0,0,0.00,0.00,0,0
73016,0,0,0,0.00,0.00,0,0
73068,0,0,0,0.00,0.00,0,0
73120,0,0,0,0.00,0.00,0,0
73172,0,0,0,0.00,0.00,0,0
73225,0,0,0,0.00,0.00,0,0
73277,0,0,0,0.00,0.00,0,0
73329,0,0,0,0.00,0.00,0,0
73381,0,0,0,0.00,0.00,0,0
73433,0,0,0,0.00,0.00,0,0
73485,0,0,0,0.00,0.00,0,0
73537,0,0,0,0.00,0.00,0,0
73589,0,0,0,0.00,0.00,0,0
73641,0,0,0,0.00,0.00,0,0
73694,0,0,0,0.00,0.00,0,0
73746,0,0,0,0.00,0.00,0,0
73798,0,0,0,0.00,0.00,0,0
73850,0,0,0,0.00,0.00,0,0
73902,0,0,0,0.00,0.00,0,0
73954,0,0,0,0.00,0.00,0,0
74006,0,0,0,0.00,0.00,0,0
74058,0,0,0,0.00,0.00,0,0
74110,0,0,0,0.00,0.00,0,0
74163,0,0,0,0.00,0.00,0,0
74215,0,0,0,0.00,0.00,0,0
74267,0,0,0,0.00,0.00,0,0
74319,0,0,0,0.00,0.00,0,0
74371,0,0,0,0.00,0.00,0,0
74423,0,0,0,0.00,0.00,0,0
74475,0,0,0,0.00,0.00,0,0
74527,0,0,0,0.00,0.00,0,0
74579,0,0,0,0.00,0.00,0,0
74631,0,0,0,0.00,0.00,0,0
74683,0,0,0,0.00,0.00,0,0
74735,0,0,0,0.00,0.00,0,0
74787,0,0,0,0.00,0.00,0,0
74839,0,0,0,0.00,0.00,0,0
74891,0,0,0,0.00,0.00,0,0
74943,0,0,0,0.00,0.00,0,0
74995,0,0,0,0.00,0.00,0,0
75047,0,0,0,0.00,0.00,0,0
75099,0,0,0,0.00,0.00,0,0
75151,0,0,0,0.00,0.00,0,0
75203,0,0,0,0.00,0.00,0,0
75255,0,0,0,0.00,0.00,0,0
75307,0,0,0,0.00,0.00,0,0
75359,0,0,0,0.00,0.00,0,0
75411,0,0,0,0.00,0.00,0,0
75463,0,0,0,0.00,0.00,0,0
75515,0,0,0,0.00,0.00,0,0
75567,0,0,0,0.00,0.00,0,0
75619,0,0,0,0.00,0.00,0,0
75671,0,0,0,0.00,0.00,0,0
75723,0,0,0,0.00,0.00,0,0
75776,0,0,0,0.00,0.00,0,0
75828,0,0,0,0.00,0.00,0,0
75880,0,0,0,0.00,0.00,0,0
75932,0,0,0,0.00,0.00,0,0
75984,0,0,0,0.00,0.00,0,0
76036,0,0,0,0.00,0.00,0,0
76088,0,0,0,0.00,0.00,0,0
76140,0,0,0,0.00,0.00,0,0
76192,0,0,0,0.00,0.00,0,0
76244,0,0,0,0.00,0.00,0,0
76297,0,0,0,0.00,0.00,0,0
76349,0,0,0,0.00,0.00,0,0
76401,0,0,0,0.00,0.00,0,0
76453,0,0,0,0.00,0.00,0,0
76505,0,0,0,0.00,0.00,0,0
76557,0,0,0,0.00,0.00,0,0
76609,0,0,0,0.00,0.00,0,0
76661,0,0,0,0.00,0.00,0,0
76713,0,0,0,0.00,0.00,0,0
76766,0,0,0,0.00,0.00,0,0
76818,0,0,0,0.00,0.00,0,0
76870,0,0,0,0.00,0.00,0,0
76922,0,0,0,0.00,0.00,0,0
76974,0,0,0,0.00,0.00,0,0
77026,0,0,0,0.00,0.00,0,0
77078,0,0,0,0.00,0.00,0,0
77130,0,0,0,0.00,0.00,0,0
77182,0,0,0,0.00,0.00,0,0
77235,0,0,0,0.00,0.00,0,0
77287,0,0,0,0.00,0.00,0,0
77339,0,0,0,0.00,0.00,0,0
77391,0,0,0,0.00,0.00,0,0
77443,0,0,0,0.00,0.00,0,0
77495,0,0,0,0.00,0.00,0,0
77547,0,0,0,0.00,0.00,0,0
77599,0,0,0,0.00,0.00,0,0
77651,0,0,0,0.00,0.00,0,0
77703,0,0,0,0.00,0.00,0,0
77755,0,0,0,0.00,0.00,0,0
77807,0,0,0,0.00,0.00,0,0
77859,0,0,0,0.00,0.00,0,0
77911,0,0,0,0.00,0.00,0,0
77963,0,0,0,0.00,0.00,0,0
78015,0,0,0,0.00,0.00,0,0
78067,0,0,0,0.00,0.00,0,0
78119,0,0,0,0.00,0.00,0,0
78171,0,0,0,0.00,0.00,0,0
78223,0,0,0,0.00,0.00,0,0
78275,0,0,0,0.00,0.00,0,0
78327,0,0,0,0.00,0.00,0,0
78379,0,0,0,0.00,0.00,0,0
78431,0,0,0,0.00,0.00,0,0
78483,0,0,0,0.00,0.00,0,0
78535,0,0,0,0.00,0.00,0,0
78587,0,0,0,0.00,0.00,0,0
78639,0,0,0,0.00,0.00,0,0
78691,0,0,0,0.00,0.00,0,0
78743,0,0,0,0.00,0.00,0,0
78795,0,0,0,0.00,0.00,0,0
78848,0,0,0,0.00,0.00,0,0
78900,0,0,0,0.00,0.00,0,0
78952,0,0,0,0.00,0.00,0,0
79004,0,0,0,0.00,0.00,0,0
79056,0,0,0,0.00,0.00,0,0
79108,0,0,0,0.00,0.00,0,0
79160,0,0,0,0.00,0.00,0,0
79212,0,0,0,0.00,0.00,0,0
79264,0,0,0,0.00,0.00,0,0
79316,0,0,0,0.00,0.00,0,0
79369,0,0,0,0.00,0.00,0,0
79421,0,0,0,0.00,0.00,0,0
79473,0,0,0,0.00,0.00,0,0
79525,0,0,0,0.00,0.00,0,0
79577,0,0,0,0.00,0.00,0,0
79629,0,0,0,0.00,0.00,0,0
79681,0,0,0,0.00,0.00,0,0
79733,0,0,0,0.00,0.00,0,0
79785,0,0,0,0.00,0.00,0,0
79838,0,0,0,0.00,0.00,0,0
79890,0,0,0,0.00,0.00,0,0
79942,0,0,0,0.00,0.00,0,0
79994,0,0,0,0.00,0.00,0,0
80046,0,0,0,0.00,0.00,0,0
80098,0,0,0,0.00,0.00,0,0
80150,0,0,0,0.00,0.00,0,0
80202,0,0,0,0.00,0.00,0,0
80254,0,0,0,0.00,0.00,0,0
80307,0,0,0,0.00,0.00,0,0
80359,0,0,0,0.00,0.00,0,0
80411,0,0,0,0.00,0.00,0,0
80463,0,0,0,0.00,0.00,0,0
80515,0,0,0,0.00,0.00,0,0
80567,0,0,0,0.00,0.00,0,0
80619,0,0,0,0.00,0.00,0,0
80671,0,0,0,0.00,0.00,0,0
80723,0,0,0,0.00,0.00,0,0
80775,0,0,0,0.00,0.00,0,0
80827,0,0,0,0.00,0.00,0,0
80879,0,0,0,0.00,0.00,0,0
80931,0,0,0,0.00,0.00,0,0
80983,0,0,0,0.00,0.00,0,0
81035,0,0,0,0.00,0.00,0,0
81087,0,0,0,0.00,0.00,0,0
81139,0,0,0,0.00,0.00,0,0
81191,0,0,0,0.00,0.00,0,0
81243,0,0,0,0.00,0.00,0,0
81295,0,0,0,0.00,0.00,0,0
81347,0,0,0,0.00,0.00,0,0
81399,0,0,0,0.00,0.00,0,0
81451,0,0,0,0.00,0.00,0,0
81503,0,0,0,0.00,0.00,0,0
81555,0,0,0,0.00,0.00,0,0
81607,0,0,0,0.00,0.00,0,0
81659,0,0,0,0.00,0.00,0,0
81711,0,0,0,0.00,0.00,0,0
81763,0,0,0,0.00,0.00,0,0
81815,0,0,0,0.00,0.00,0,0
81867,0,0,0,0.00,0.00,0,0
81920,0,0,0,0.00,0.00,0,0
81972,0,0,0,0.00,0.00,0,0
82024,0,0,0,0.00,0.00,0,0
82076,0,0,0,0.00,0.00,0,0
82128,0,0,0,0.00,0.00,0,0
82180,0,0,0,0.00,0.00,0,0
82232,0,0,0,0.00,0.00,0,0
82284,0,0,0,0.00,0.00,0,0
82336,0,0,0,0.00,0.00,0,0
82388,0,0,0,0.00,0.00,0,0
82441,0,0,0,0.00,0.00,0,0
82493,0,0,0,0.00,0.00,0,0
82545,0,0,0,0.00,0.00,0,0
82597,0,0,0,0.00,0.00,0,0
82649,0,0,0,0.00,0.00,0,0
82701,0,0,0,0.00,0.00,0,0
82753,0,0,0,0.00,0.00,0,0
82805,0,0,0,0.00,0.00,0,0
82857,0,0,0,0.00,0.00,0,0
82910,0,0,0,0.00,0.00,0,0
82962,0,0,0,0.00,0.00,0,0
83014,0,0,0,0.00,0.00,0,0
83066,0,0,0,0.00,0.00,0,0
83118,0,0,0,0.00,0.00,0,0
83170,0,0,0,0.00,0.00,0,0
83222,0,0,0,0.00,0.00,0,0
83274,0,0,0,0.00,0.00,0,0
83326,0,0,0,0.00,0.00,0,0
83379,0,0,0,0.00,0.00,0,0
83431,0,0,0,0.00,0.00,0,0
83483,0,0,0,0.00,0.00,0,0
83535,0,0,0,0.00,0.00,0,0
83587,0,0,0,0.00,0.00,0,0
83639,0,0,0,0.00,0.00,0,0
83691,0,0,0,0.00,0.00,0,0
83743,0,0,0,0.00,0.00,0,0
83795,0,0,0,0.00,0.00,0,0
83847,0,0,0,0.00,0.00,0,0
83899,0,0,0,0.00,0.00,0,0
83951,0,0,0,0.00,0.00,0,0
84003,0,0,0,0.00,0.00,0,0
84055,0,0,0,0.00,0.00,0,0
84107,0,0,0,0.00,0.00,0,0
84159,0,0,0,0.00,0.00,0,0
84211,0,0,0,0.00,0.00,0,0
84263,0,0,0,0.00,0.00,0,0
84315,0,0,0,0.00,0.00,0,0
84367,0,0,0,0.00,0.00,0,0
84419,0,0,0,0.00,0.00,0,0
84471,0,0,0,0.00,0.00,0,0
84523,0,0,0,0.00,0.00,0,0
84575,0,0,0,0.00,0.00,0,0
84627,0,0,0,0.00,0.00,0,0
84679,0,0,0,0.00,0.00,0,0
84731,0,0,0,0.00,0.00,0,0
84783,0,0,0,0.00,0.00,0,0
84835,0,0,0,0.00,0.00,0,0
84887,0,0,0,0.00,0.00,0,0
84939,0,0,0,0.00,0.00,0,0
84992,0,0,0,0.00,0.00,0,0
85044,0,0,0,0.00,0.00,0,0
85096,0,0,0,0.00,0.00,0,0
85148,0,0,0,0.00,0.00,0,0
85200,0,0,0,0.00,0.00,0,0
85252,0,0,0,0.00,0.00,0,0
85304,0,0,0,0.00,0.00,0,0
85356,0,0,0,0.00,0.00,0,0
85408,0,0,0,0.00,0.00,0,0
85460,0,0,0,0.00,0.00,0,0
85513,0,0,0,0.00,0.00,0,0
85565,0,0,0,0.00,0.00,0,0
85617,0,0,0,0.00,0.00,0,0
85669,0,0,0,0.00,0.00,0,0
85721,0,0,0,0.00,0.00,0,0
85773,0,0,0,0.00,0.00,0,0
85825,0,0,0,0.00,0.00,0,0
85877,0,0,0,0.00,0.00,0,0
85929,0,0,0,0.00,0.00,0,0
85982,0,0,0,0.00,0.00,0,0
86034,0,0,0,0.00,0.00,0,0
86086,0,0,0,0.00,0.00,0,0
86138,0,0,0,0.00,0.00,0,0
86190,0,0,0,0.00,0.00,0,0
86242,0,0,0,0.00,0.00,0,0
86294,0,0,0,0.00,0.00,0,0
86346,0,0,0,0.00,0.00,0,0
86398,0,0,0,0.00,0.00,0,0
86451,0,0,0,0.00,0.00,0,0
86503,0,0,0,0.00,0.00,0,0
86555,0,0,0,0.00,0.00,0,0
86607,0,0,0,0.00,0.00,0,0
86659,0,0,0,0.00,0.00,0,0
86711,0,0,0,0.00,0.00,0,0
86763,0,0,0,0.00,0.00,0,0
86815,0,0,0,0.00,0.00,0,0
86867,0,0,0,0.00,0.00,0,0
86919,0,0,0,0.00,0.00,0,0
86971,0,0,0,0.00,0.00,0,0
87023,0,0,0,0.00,0.00,0,0
87075,0,0,0,0.00,0.00,0,0
87127,0,0,0,0.00,0.00,0,0
87179,0,0,0,0.00,0.00,0,0
87231,0,0,0,0.00,0.00,0,0
87283,0,0,0,0.00,0.00,0,0
87335,0,0,0,0.00,0.00,0,0
87387,0,0,0,0.00,0.00,0,0
87439,0,0,0,0.00,0.00,0,0
87491,0,0,0,0.00,0.00,0,0
87543,0,0,0,0.00,0.00,0,0
87595,0,0,0,0.00,0.00,0,0
87647,0,0,0,0.00,0.00,0,0
87699,0,0,0,0.00,0.00,0,0
87751,0,0,0,0.00,0.00,0,0
87803,0,0,0,0.00,0.00,0,0
87855,0,0,0,0.00,0.00,0,0
87907,0,0,0,0.00,0.00,0,0
87959,0,0,0,0.00,0.00,0,0
88011,0,0,0,0.00,0.00,0,0
88064,0,0,0,0.00,0.00,0,0
88116,0,0,0,0.00,0.00,0,0
88168,0,0,0,0.00,0.00,0,0
88220,0,0,0,0.00,0.00,0,0
88272,0,0,0,0.00,0.00,0,0
88324,0,0,0,0.00,0.00,0,0
88376,0,0,0,0.00,0.00,0,0
88428,0,0,0,0.00,0.00,0,0
88480,0,0,0,0.00,0.00,0,0
88532,0,0,0,0.00,0.00,0,0
88585,0,0,0,0.00,0.00,0,0
88637,0,0,0,0.00,0.00,0,0
88689,0,0,0,0.00,0.00,0,0
88741,0,0,0,0.00,0.00,0,0
88793,0,0,0,0.00,0.00,0,0
88845,0,0,0,0.00,0.00,0,0
88897,0,0,0,0.00,0.00,0,0
88949,0,0,0,0.00,0.00,0,0
89001,0,0,0,0.00,0.00,0,0
89054,0,0,0,0.00,0.00,0,0
89106,0,0,0,0.00,0.00,0,0
89158,0,0,0,0.00,0.00,0,0
89210,0,0,0,0.00,0.00,0,0
89262,0,0,0,0.00,0.00,0,0
89314,0,0,0,0.00,0.00,0,0
89366,0,0,0,0.00,0.00,0,0
89418,0,0,0,0.00,0.00,0,0
89470,0,0,0,0.00,0.00,0,0
89523,0,0,0,0.00,0.00,0,0
89575,0,0,0,0.00,0.00,0,0
89627,0,0,0,0.00,0.00,0,0
89679,0,0,0,0.00,0.00,0,0
89731,0,0,0,0.00,0.00,0,0
89783,0,0,0,0.00,0.00,0,0
89835,0,0,0,0.00,0.00,0,0
89887,0,0,0,0.00,0.00,0,0
89939,0,0,0,0.00,0.00,0,0
89991,0,0,0,0.00,0.00,0,0
90043,0,0,0,0.00,0.00,0,0
90095,0,0,0,0.00,0.00,0,0
90147,0,0,0,0.00,0.00,0,0
90199,0,0,0,0.00,0.00,0,0
90251,0,0,0,0.00,0.00,0,0
90303,0,0,0,0.00,0.00,0,0
90355,0,0,0,0.00,0.00,0,0
90407,0,0,0,0.00,0.00,0,0
90459,0,0,0,0.00,0.00,0,0
90511,0,0,0,0.00,0.00,0,0
90563,0,0,0,0.00,0.00,0,0
90615,0,0,0,0.00,0.00,0,0
90667,0,0,0,0.00,0.00,0,0
90719,0,0,0,0.00,0.00,0,0
90771,0,0,0,0.00,0.00,0,0
90823,0,0,0,0.00,0.00,0,0
90875,0,0,0,0.00,0.00,0,0
90927,0,0,0,0.00,0.00,0,0
90979,0,0,0,0.00,0.00,0,0
91031,0,0,0,0.00,0.00,0,0
91083,0,0,0,0.00,0.00,0,0
91136,0,0,0,0.00,0.00,0,0
91188,0,0,0,0.00,0.00,0,0
91240,0,0,0,0.00,0.00,0,0
91292,0,0,0,0.00,0.00,0,0
91344,0,0,0,0.00,0.00,0,0
91396,0,0,0,0.00,0.00,0,0
91448,0,0,0,0.00,0.00,0,0
91500,0,0,0,0.00,0.00,0,0
91552,0,0,0,0.00,0.00,0,0
91604,0,0,0,0.00,0.00,0,0
91657,0,0,0,0.00,0.00,0,0
91709,0,0,0,0.00,0.00,0,0
91761,0,0,0,0.00,0.00,0,0
91813,0,0,0,0.00,0.00,0,0
91865,0,0,0,0.00,0.00,0,0
91917,0,0,0,0.00,0.00,0,0
91969,0,0,0,0.00,0.00,0,0
92021,0,0,0,0.00,0.00,0,0
92073,0,0,0,0.00,0.00,0,0
92126,0,0,0,0.00,0.00,0,0
92178,0,0,0,0.00,0.00,0,0
92230,0,0,0,0.00,0.00,0,0
92282,0,0,0,0.00,0.00,0,0
92334,0,0,0,0.00,0.00,0,0
92386,0,0,0,0.00,0.00,0,0
92438,0,0,0,0.00,0.00,0,0
92490,0,0,0,0.00,0.00,0,0
92542,0,0,0,0.00,0.00,0,0
92595,0,0,0,0.00,0.00,0,0
92647,0,0,0,0.00,0.00,0,0
92699,0,0,0,0.00,0.00,0,0
92751,0,0,0,0.00,0.00,0,0
92803,0,0,0,0.00,0.00,0,0
92855,0,0,0,0.00,0.00,0,0
92907,0,0,0,0.00,0.00,0,0
92959,0,0,0,0.00,0.00,0,0
93011,0,0,0,0.00,0.00,0,0
93063,0,0,0,0.00,0.00,0,0
93115,0,0,0,0.00,0.00,0,0
93167,0,0,0,0.00,0.00,0,0
93219,0,0,0,0.00,0.00,0,0
93271,0,0,0,0.00,0.00,0,0
93323,0,0,0,0.00,0.00,0,0
93375,0,0,0,0.00,0.00,0,0
93427,0,0,0,0.00,0.00,0,0
93479,0,0,0,0.00,0.00,0,0
93531,0,0,0,0.00,0.00,0,0
93583,0,0,0,0.00,0.00,0,0
93635,0,0,0,0.00,0.00,0,0
93687,0,0,0,0.00,0.00,0,0
93739,0,0,0,0.00,0.00,0,0
93791,0,0,0,0.00,0.00,0,0
93843,0,0,0,0.00,0.00,0,0
93895,0,0,0,0.00,0.00,0,0
93947,0,0,0,0.00,0.00,0,0
93999,0,0,0,0.00,0.00,0,0
94051,0,0,0,0.00,0.00,0,0
94103,0,0,0,0.00,0.00,0,0
94155,0,0,0,0.00,0.00,0,0
94208,0,0,0,0.00,0.00,0,0
94260,0,0,0,0.00,0.00,0,0
94312,0,0,0,0.00,0.00,0,0
94364,0,0,0,0.00,0.00,0,0
94416,0,0,0,0.00,0.00,0,0
94468,0,0,0,0.00,0.00,0,0
94520,0,0,0,0.00,0.00,0,0
94572,0,0,0,0.00,0.00,0,0
94624,0,0,0,0.00,0.00,0,0
94676,0,0,0,0.00,0.00,0,0
94729,0,0,0,0.00,0.00,0,0
94781,0,0,0,0.00,0.00,0,0
94833,0,0,0,0.00,0.00,0,0
94885,0,0,0,0.00,0.00,0,0
94937,0,0,0,0.00,0.00,0,0
94989,0,0,0,0.00,0.00,0,0
95041,0,0,0,0.00,0.00,0,0
95093,0,0,0,0.00,0.00,0,0
95145,0,0,0,0.00,0.00,0,0
95198,0,0,0,0.00,0.00,0,0
95250,0,0,0,0.00,0.00,0,0
95302,0,0,0,0.00,0.00,0,0
95354,0,0,0,0.00,0.00,0,0
95406,0,0,0,0.00,0.00,0,0
95458,0,0,0,0.00,0.00,0,0
95510,0,0,0,0.00,0.00,0,0
95562,0,0,0,0.00,0.00,0,0
95614,0,0,0,0.00,0.00,0,0
95667,0,0,0,0.00,0.00,0,0
95719,0,0,0,0.00,0.00,0,0
95771,0,0,0,0.00,0.00,0,0
95823,0,0,0,0.00,0.00,0,0
95875,0,0,0,0.00,0.00,0,0
95927,0,0,0,0.00,0.00,0,0
95979,0,0,0,0.00,0.00,0,0
96031,0,0,0,0.00,0.00,0,0
96083,0,0,0,0.00,0.00,0,0
96135,0,0,0,0.00,0.00,0,0
96187,0,0,0,0.00,0.00,0,0
96239,0,0,0,0.00,0.00,0,0
96291,0,0,0,0.00,0.00,0,0
96343,0,0,0,0.00,0.00,0,0
96395,0,0,0,0.00,0.00,0,0
96447,0,0,0,0.00,0.00,0,0
96499,0,0,0,0.00,0.00,0,0
96551,0,0,0,0.00,0.00,0,0
96603,0,0,0,0.00,0.00,0,0
96655,0,0,0,0.00,0.00,0,0
96707,0,0,0,0.00,0.00,0,0
96759,0,0,0,0.00,0.00,0,0
96811,0,0,0,0.00,0.00,0,0
96863,0,0,0,0.00,0.00,0,0
96915,0,0,0,0.00,0.00,0,0
96967,0,0,0,0.00,0.00,0,0
97019,0,0,0,0.00,0.00,0,0
97071,0,0,0,0.00,0.00,0,0
97123,0,0,0,0.00,0.00,0,0
97175,0,0,0,0.00,0.00,0,0
97227,0,0,0,0.00,0.00,0,0
97280,0,0,0,0.00,0.00,0,0
97332,0,0,0,0.00,0.00,0,0
97384,0,0,0,0.00,0.00,0,0
97436,0,0,0,0.00,0.00,0,0
97488,0,0,0,0.00,0.00,0,0
97540,0,0,0,0.00,0.00,0,0
97592,0,0,0,0.00,0.00,0,0
97644,0,0,0,0.00,0.00,0,0
97696,0,0,0,0.00,0.00,0,0
97748,0,0,0,0.00,0.00,0,0
97801,0,0,0,0.00,0.00,0,0
97853,0,0,0,0.00,0.00,0,0
97905,0,0,0,0.00,0.00,0,0
97957,0,0,0,0.00,0.00,0,0
98009,0,0,0,0.00,0.00,0,0
98061,0,0,0,0.00,0.00,0,0
98113,0,0,0,0.00,0.00,0,0
98165,0,0,0,0.00,0.00,0,0
98217,0,0,0,0.00,0.00,0,0
98270,0,0,0,0.00,0.00,0,0
98322,0,0,0,0.00,0.00,0,0
98374,0,0,0,0.00,0.00,0,0
98426,0,0,0,0.00,0.00,0,0
98478,0,0,0,0.00,0.00,0,0
98530,0,0,0,0.00,0.00,0,0
98582,0,0,0,0.00,0.00,0,0
98634,0,0,0,0.00,0.00,0,0
98686,0,0,0,0.00,0.00,0,0
98739,0,0,0,0.00,0.00,0,0
98791,0,0,0,0.00,0.00,0,0
98843,0,0,0,0.00,0.00,0,0
98895,0,0,0,0.00,0.00,0,0
98947,0,0,0,0.00,0.00,0,0
98999,0,0,0,0.00,0.00,0,0
99051,0,0,0,0.00,0.00,0,0
99103,0,0,0,0.00,0.00,0,0
99155,0,0,0,0.00,0.00,0,0
99207,0,0,0,0.00,0.00,0,0
99259,0,0,0,0.00,0.00,0,0
99311,0,0,0,0.00,0.00,0,0
99363,0,0,0,0.00,0.00,0,0
99415,0,0,0,0.00,0.00,0,0
99467,0,0,0,0.00,0.00,0,0
99519,0,0,0,0.00,0.00,0,0
99571,0,0,0,0.00,0.00,0,0
99623,0,0,0,0.00,0.00,0,0
99675,0,0,0,0.00,0.00,0,0
99727,0,0,0,0.00,0.00,0,0
99779,0,0,0,0.00,0.00,0,0
99831,0,0,0,0.00,0.00,0,0
99883,0,0,0,0.00,0.00,0,0
99935,0,0,0,0.00,0.00,0,0
99987,0,0,0,0.00,0.00,0,0
100039,0,0,0,0.00,0.00,0,0
100091,0,0,0,0.00,0.00,0,0
100143,0,0,0,0.00,0.00,0,0
100195,0,0,0,0.00,0.00,0,0
100247,0,0,0,0.00,0.00,0,0
100299,0,0,0,0.00,0.00,0,0
100352,0,0,0,0.00,0.00,0,0
100404,0,0,0,0.00,0.00,0,0
100456,0,0,0,0.00,0.00,0,0
100508,0,0,0,0.00,0.00,0,0
100560,0,0,0,0.00,0.00,0,0
100612,0,0,0,0.00,0.00,0,0
100664,0,0,0,0.00,0.00,0,0
100716,0,0,0,0.00,0.00,0,0
100768,0,0,0,0.00,0.00,0,0
100820,0,0,0,0.00,0.00,0,0
100873,0,0,0,0.00,0.00,0,0
100925,0,0,0,0.00,0.00,0,0
100977,0,0,0,0.00,0.00,0,0
101029,0,0,0,0.00,0.00,0,0
101081,0,0,0,0.00,0.00,0,0
101133,0,0,0,0.00,0.00,0,0
101185,0,0,0,0.00,0.00,0,0
101237,0,0,0,0.00,0.00,0,0
101289,0,0,0,0.00,0.00,0,0
101342,0,0,0,0.00,0.00,0,0
101394,0,0,0,0.00,0.00,0,0
101446,0,0,0,0.00,0.00,0,0
101498,0,0,0,0.00,0.00,0,0
101550,0,0,0,0.00,0.00,0,0
101602,0,0,0,0.00,0.00,0,0
101654,0,0,0,0.00,0.00,0,0
101706,0,0,0,0.00,0.00,0,0
101758,0,0,0,0.00,0.00,0,0
101811,0,0,0,0.00,0.00,0,0
101863,0,0,0,0.00,0.00,0,0
101915,0,0,0,0.00,0.00,0,0
101967,0,0,0,0.00,0.00,0,0
102019,0,0,0,0.00,0.00,0,0
102071,0,0,0,0.00,0.00,0,0
102123,0,0,0,0.00,0.00,0,0
102175,0,0,0,0.00,0.00,0,0
102227,0,0,0,0.00,0.00,0,0
102279,0,0,0,0.00,0.00,0,0
102331,0,0,0,0.00,0.00,0,0
102383,0,0,0,0.00,0.00,0,0
102435,0,0,0,0.00,0.00,0,0
102487,0,0,0,0.00,0.00,0,0
102539,0,0,0,0.00,0.00,0,0
102591,0,0,0,0.00,0.00,0,0
102643,0,0,0,0.00,0.00,0,0
102695,0,0,0,0.00,0.00,0,0
102747,0,0,0,0.00,0.00,0,0
102799,0,0,0,0.00,0.00,0,0
102851,0,0,0,0.00,0.00,0,0
102903,0,0,0,0.00,0.00,0,0
102955,0,0,0,0.00,0.00,0,0
103007,0,0,0,0.00,0.00,0,0
103059,0,0,0,0.00,0.00,0,0
103111,0,0,0,0.00,0.00,0,0
103163,0,0,0,0.00,0.00,0,0
103215,0,0,0,0.00,0.00,0,0
103267,0,0,0,0.00,0.00,0,0
103319,0,0,0,0.00,0.00,0,0
103371,0,0,0,0.00,0.00,0,0
103424,0,0,0,0.00,0.00,0,0
103476,0,0,0,0.00,0.00,0,0
103528,0,0,0,0.00,0.00,0,0
103580,0,0,0,0.00,0.00,0,0
103632,0,0,0,0.00,0.00,0,0
103684,0,0,0,0.00,0.00,0,0
103736,0,0,0,0.00,0.00,0,0
103788,0,0,0,0.00,0.00,0,0
103840,0,0,0,0.00,0.00,0,0
103892,0,0,0,0.00,0.00,0,0
103945,0,0,0,0.00,0.00,0,0
103997,0,0,0,0.00,0.00,0,0
104049,0,0,0,0.00,0.00,0,0
104101,0,0,0,0.00,0.00,0,0
104153,0,0,0,0.00,0.00,0,0
104205,0,0,0,0.00,0.00,0,0
104257,0,0,0,0.00,0.00,0,0
104309,0,0,0,0.00,0.00,0,0
104361,0,0,0,0.00,0.00,0,0
104414,0,0,0,0.00,0.00,0,0
104466,0,0,0,0.00,0.00,0,0
104518,0,0,0,0.00,0.00,0,0
104570,0,0,0,0.00,0.00,0,0
104622,0,0,0,0.00,0.00,0,0
104674,0,0,0,0.00,0.00,0,0
104726,0,0,0,0.00,0.00,0,0
104778,0,0,0,0.00,0.00,0,0
104830,0,0,0,0.00,0.00,0,0
104883,0,0,0,0.00,0.00,0,0
104935,0,0,0,0.00,0.00,0,0
104987,0,0,0,0.00,0.00,0,0
105039,0,0,0,0.00,0.00,0,0
105091,0,0,0,0.00,0.00,0,0
105143,0,0,0,0.00,0.00,0,0
105195,0,0,0,0.00,0.00,0,0
105247,0,0,0,0.00,0.00,0,0
105299,0,0,0,0.00,0.00,0,0
105351,0,0,0,0.00,0.00,0,0
105403,0,0,0,0.00,0.00,0,0
105455,0,0,0,0.00,0.00,0,0
105507,0,0,0,0.00,0.00,0,0
105559,0,0,0,0.00,0.00,0,0
105611,0,0,0,0.00,0.00,0,0
105663,0,0,0,0.00,0.00,0,0
105715,0,0,0,0.00,0.00,0,0
105767,0,0,0,0.00,0.00,0,0
105819,0,0,0,0.00,0.00,0,0
105871,0,0,0,0.00,0.00,0,0
105923,0,0,0,0.00,0.00,0,0
105975,0,0,0,0.00,0.00,0,0
106027,0,0,0,0.00,0.00,0,0
106079,0,0,0,0.00,0.00,0,0
106131,0,0,0,0.00,0.00,0,0
106183,0,0,0,0.00,0.00,0,0
106235,0,0,0,0.00,0.00,0,0
106287,0,0,0,0.00,0.00,0,0
106339,0,0,0,0.00,0.00,0,0
106391,0,0,0,0.00,0.00,0,0
106443,0,0,0,0.00,0.00,0,0
106496,0,0,0,0.00,0.00,0,0
106548,0,0,0,0.00,0.00,0,0
106600,0,0,0,0.00,0.00,0,0
106652,0,0,0,0.00,0.00,0,0
106704,0,0,0,0.00,0.00,0,0
106756,0,0,0,0.00,0.00,0,0
106808,0,0,0,0.00,0.00,0,0
106860,0,0,0,0.00,0.00,0,0
106912,0,0,0,0.00,0.00,0,0
106964,0,0,0,0.00,0.00,0,0
107017,0,0,0,0.00,0.00,0,0
107069,0,0,0,0.00,0.00,0,0
107121,0,0,0,0.00,0.00,0,0
107173,0,0,0,0.00,0.00,0,0
107225,0,0,0,0.00,0.00,0,0
107277,0,0,0,0.00,0.00,0,0
107329,0,0,0,0.00,0.00,0,0
107381,0,0,0,0.00,0.00,0,0
107433,0,0,0,0.00,0.00,0,0
107486,0,0,0,0.00,0.00,0,0
107538,0,0,0,0.00,0.00,0,0
107590,0,0,0,0.00,0.00,0,0
107642,0,0,0,0.00,0.00,0,0
107694,0,0,0,0.00,0.00,0,0
107746,0,0,0,0.00,0.00,0,0
107798,0,0,0,0.00,0.00,0,0
107850,0,0,0,0.00,0.00,0,0
107902,0,0,0,0.00,0.00,0,0
107955,0,0,0,0.00,0.00,0,0
108007,0,0,0,0.00,0.00,0,0
108059,0,0,0,0.00,0.00,0,0
108111,0,0,0,0.00,0.00,0,0
108163,0,0,0,0.00,0.00,0,0
108215,0,0,0,0.00,0.00,0,0
108267,0,0,0,0.00,0.00,0,0
108319,0,0,0,0.00,0.00,0,0
108371,0,0,0,0.00,0.00,0,0
108423,0,0,0,0.00,0.00,0,0
108475,0,0,0,0.00,0.00,0,0
108527,0,0,0,0.00,0.00,0,0
108579,0,0,0,0.00,0.00,0,0
108631,0,0,0,0.00,0.00,0,0
108683,0,0,0,0.00,0.00,0,0
108735,0,0,0,0.00,0.00,0,0
108787,0,0,0,0.00,0.00,0,0
108839,0,0,0,0.00,0.00,0,0
108891,0,0,0,0.00,0.00,0,0
108943,0,0,0,0.00,0.00,0,0
108995,0,0,0,0.00,0.00,0,0
109047,0,0,0,0.00,0.00,0,0
109099,0,0,0,0.00,0.00,0,0
109151,0,0,0,0.00,0.00,0,0
109203,0,0,0,0.00,0.00,0,0
109255,0,0,0,0.00,0.00,0,0
109307,0,0,0,0.00,0.00,0,0
109359,0,0,0,0.00,0.00,0,0
109411,0,0,0,0.00,0.00,0,0
109463,0,0,0,0.00,0.00,0,0
109515,0,0,0,0.00,0.00,0,0
109568,0,0,0,0.00,0.00,0,0
109620,0,0,0,0.00,0.00,0,0
109672,0,0,0,0.00,0.00,0,0
109724,0,0,0,0.00,0.00,0,0
109776,0,0,0,0.00,0.00,0,0
109828,0,0,0,0.00,0.00,0,0
109880,0,0,0,0.00,0.00,0,0
109932,0,0,0,0.00,0.00,0,0
109984,0,0,0,0.00,0.00,0,0
110036,0,0,0,0.00,0.00,0,0
110089,0,0,0,0.00,0.00,0,0
110141,0,0,0,0.00,0.00,0,0
110193,0,0,0,0.00,0.00,0,0
110245,0,0,0,0.00,0.00,0,0
110297,0,0,0,0.00,0.00,0,0
110349,0,0,0,0.00,0.00,0,0
110401,0,0,0,0.00,0.00,0,0
110453,0,0,0,0.00,0.00,0,0
110505,0,0,0,0.00,0.00,0,0
110558,0,0,0,0.00,0.00,0,0
110610,0,0,0,0.00,0.00,0,0
110662,0,0,0,0.00,0.00,0,0
110714,0,0,0,0.00,0.00,0,0
110766,0,0,0,0.00,0.00,0,0
110818,0,0,0,0.00,0.00,0,0
110870,0,0,0,0.00,0.00,0,0
110922,0,0,0,0.00,0.00,0,0
110974,0,0,0,0.00,0.00,0,0
111027,0,0,0,0.00,0.00,0,0
111079,0,0,0,0.00,0.00,0,0
111131,0,0,0,0.00,0.00,0,0
111183,0,0,0,0.00,0.00,0,0
111235,0,0,0,0.00,0.00,0,0
111287,0,0,0,0.00,0.00,0,0
111339,0,0,0,0.00,0.00,0,0
111391,0,0,0,0.00,0.00,0,0
111443,0,0,0,0.00,0.00,0,0
111495,0,0,0,0.00,0.00,0,0
111547,0,0,0,0.00,0.00,0,0
111599,0,0,0,0.00,0.00,0,0
111651,0,0,0,0.00,0.00,0,0
111703,0,0,0,0.00,0.00,0,0
111755,0,0,0,0.00,0.00,0,0
111807,0,0,0,0.00,0.00,0,0
111859,0,0,0,0.00,0.00,0,0
111911,0,0,0,0.00,0.00,0,0
111963,0,0,0,0.00,0.00,0,0
112015,0,0,0,0.00,0.00,0,0
112067,0,0,0,0.00,0.00,0,0
112119,0,0,0,0.00,0.00,0,0
112171,0,0,0,0.00,0.00,0,0
112223,0,0,0,0.00,0.00,0,0
112275,0,0,0,0.00,0.00,0,0
112327,0,0,0,0.00,0.00,0,0
112379,0,0,0,0.00,0.00,0,0
112431,0,0,0,0.00,0.00,0,0
112483,0,0,0,0.00,0.00,0,0
112535,0,0,0,0.00,0.00,0,0
112587,0,0,0,0.00,0.00,0,0
112640,0,0,0,0.00,0.00,0,0
112692,0,0,0,0.00,0.00,0,0
112744,0,0,0,0.00,0.00,0,0
112796,0,0,0,0.00,0.00,0,0
112848,0,0,0,0.00,0.00,0,0
112900,0,0,0,0.00,0.00,0,0
112952,0,0,0,0.00,0.00,0,0
113004,0,0,0,0.00,0.00,0,0
113056,0,0,0,0.00,0.00,0,0
113108,0,0,0,0.00,0.00,0,0
113161,0,0,0,0.00,0.00,0,0
113213,0,0,0,0.00,0.00,0,0
113265,0,0,0,0.00,0.00,0,0
113317,0,0,0,0.00,0.00,0,0
113369,0,0,0,0.00,0.00,0,0
113421,0,0,0,0.00,0.00,0,0
113473,0,0,0,0.00,0.00,0,0
113525,0,0,0,0.00,0.00,0,0
113577,0,0,0,0.00,0.00,0,0
113630,0,0,0,0.00,0.00,0,0
113682,0,0,0,0.00,0.00,0,0
113734,0,0,0,0.00,0.00,0,0
113786,0,0,0,0.00,0.00,0,0
113838,0,0,0,0.00,0.00,0,0
113890,0,0,0,0.00,0.00,0,0
113942,0,0,0,0.00,0.00,0,0
113994,0,0,0,0.00,0.00,0,0
114046,0,0,0,0.00,0.00,0,0
114099,0,0,0,0.00,0.00,0,0
114151,0,0,0,0.00,0.00,0,0
114203,0,0,0,0.00,0.00,0,0
114255,0,0,0,0.00,0.00,0,0
114307,0,0,0,0.00,0.00,0,0
114359,0,0,0,0.00,0.00,0,0
114411,0,0,0,0.00,0.00,0,0
114463,0,0,0,0.00,0.00,0,0
114515,0,0,0,0.00,0.00,0,0
114567,0,0,0,0.00,0.00,0,0
114619,0,0,0,0.00,0.00,0,0
114671,0,0,0,0.00,0.00,0,0
114723,0,0,0,0.00,0.00,0,0
114775,0,0,0,0.00,0.00,0,0
114827,0,0,0,0.00,0.00,0,0
114879,0,0,0,0.00,0.00,0,0
114931,0,0,0,0.00,0.00,0,0
114983,0,0,0,0.00,0.00,0,0
115035,0,0,0,0.00,0.00,0,0
115087,0,0,0,0.00,0.00,0,0
115139,0,0,0,0.00,0.00,0,0
115191,0,0,0,0.00,0.00,0,0
115243,0,0,0,0.00,0.00,0,0
115295,0,0,0,0.00,0.00,0,0
115347,0,0,0,0.00,0.00,0,0
115399,0,0,0,0.00,0.00,0,0
115451,0,0,0,0.00,0.00,0,0
115503,0,0,0,0.00,0.00,0,0
115555,0,0,0,0.00,0.00,0,0
115607,0,0,0,0.00,0.00,0,0
115659,0,0,0,0.00,0.00,0,0
115712,0,0,0,0.00,0.00,0,0
115764,0,0,0,0.00,0.00,0,0
115816,0,0,0,0.00,0.00,0,0
115868,0,0,0,0.00,0.00,0,0
115920,0,0,0,0.00,0.00,0,0
115972,0,0,0,0.00,0.00,0,0
116024,0,0,0,0.00,0.00,0,0
116076,0,0,0,0.00,0.00,0,0
116128,0,0,0,0.00,0.00,0,0
116180,0,0,0,0.00,0.00,0,0
116233,0,0,0,0.00,0.00,0,0
116285,0,0,0,0.00,0.00,0,0
116337,0,0,0,0.00,0.00,0,0
116389,0,0,0,0.00,0.00,0,0
116441,0,0,0,0.00,0.00,0,0
116493,0,0,0,0.00,0.00,0,0
116545,0,0,0,0.00,0.00,0,0
116597,0,0,0,0.00,0.00,0,0
116649,0,0,0,0.00,0.00,0,0
116702,0,0,0,0.00,0.00,0,0
116754,0,0,0,0.00,0.00,0,0
116806,0,0,0,0.00,0.00,0,0
116858,0,0,0,0.00,0.00,0,0
116910,0,0,0,0.00,0.00,0,0
116962,0,0,0,0.00,0.00,0,0
117014,0,0,0,0.00,0.00,0,0
117066,0,0,0,0.00,0.00,0,0
117118,0,0,0,0.00,0.00,0,0
117171,0,0,0,0.00,0.00,0,0
117223,0,0,0,0.00,0.00,0,0
117275,0,0,0,0.00,0.00,0,0
117327,0,0,0,0.00,0.00,0,0
117379,0,0,0,0.00,0.00,0,0
117431,0,0,0,0.00,0.00,0,0
117483,0,0,0,0.00,0.00,0,0
117535,0,0,0,0.00,0.00,0,0
117587,0,0,0,0.00,0.00,0,0
117639,0,0,0,0.00,0.00,0,0
117691,0,0,0,0.00,0.00,0,0
117743,0,0,0,0.00,0.00,0,0
117795,0,0,0,0.00,0.00,0,0
117847,0,0,0,0.00,0.00,0,0
117899,0,0,0,0.00,0.00,0,0
117951,0,0,0,0.00,0.00,0,0
118003,0,0,0,0.00,0.00,0,0
118055,0,0,0,0.00,0.00,0,0
118107,0,0,0,0.00,0.00,0,0
118159,0,0,0,0.00,0.00,0,0
118211,0,0,0,0.00,0.00,0,0
118263,0,0,0,0.00,0.00,0,0
118315,0,0,0,0.00,0.00,0,0
118367,0,0,0,0.00,0.00,0,0
118419,0,0,0,0.00,0.00,0,0
118471,0,0,0,0.00,0.00,0,0
118523,0,0,0,0.00,0.00,0,0
118575,0,0,0,0.00,0.00,0,0
118627,0,0,0,0.00,0.00,0,0
118679,0,0,0,0.00,0.00,0,0
118731,0,0,0,0.00,0.00,0,0
118784,0,0,0,0.00,0.00,0,0
118836,0,0,0,0.00,0.00,0,0
118888,0,0,0,0.00,0.00,0,0
118940,0,0,0,0.00,0.00,0,0
118992,0,0,0,0.00,0.00,0,0
119044,0,0,0,0.00,0.00,0,0
119096,0,0,0,0.00,0.00,0,0
119148,0,0,0,0.00,0.00,0,0
119200,0,0,0,0.00,0.00,0,0
119252,0,0,0,0.00,0.00,0,0
119305,0,0,0,0.00,0.00,0,0
119357,0,0,0,0.00,0.00,0,0
119409,0,0,0,0.00,0.00,0,0
119461,0,0,0,0.00,0.00,0,0
119513,0,0,0,0.00,0.00,0,0
119565,0,0,0,0.00,0.00,0,0
119617,0,0,0,0.00,0.00,0,0
119669,0,0,0,0.00,0.00,0,0
119721,0,0,0,0.00,0.00,0,0
119774,0,0,0,0.00,0.00,0,0
119826,0,0,0,0.00,0.00,0,0
119878,0,0,0,0.00,0.00,0,0
119930,0,0,0,0.00,0.00,0,0
119982,0,0,0,0.00,0.00,0,0
120034,0,0,0,0.00,0.00,0,0
120086,0,0,0,0.00,0.00,0,0
120138,0,0,0,0.00,0.00,0,0
120190,0,0,0,0.00,0.00,0,0
120243,0,0,0,0.00,0.00,0,0
120295,0,0,0,0.00,0.00,0,0
120347,0,0,0,0.00,0.00,0,0
120399,0,0,0,0.00,0.00,0,0
120451,0,0,0,0.00,0.00,0,0
120503,0,0,0,0.00,0.00,0,0
120555,0,0,0,0.00,0.00,0,0
120607,0,0,0,0.00,0.00,0,0
120659,0,0,0,0.00,0.00,0,0
120711,0,0,0,0.00,0.00,0,0
120763,0,0,0,0.00,0.00,0,0
120815,0,0,0,0.00,0.00,0,0
120867,0,0,0,0.00,0.00,0,0
120919,0,0,0,0.00,0.00,0,0
120971,0,0,0,0.00,0.00,0,0
121023,0,0,0,0.00,0.00,0,0
121075,0,0,0,0.00,0.00,0,0
121127,0,0,0,0.00,0.00,0,0
121179,0,0,0,0.00,0.00,0,0
121231,0,0,0,0.00,0.00,0,0
121283,0,0,0,0.00,0.00,0,0
121335,0,0,0,0.00,0.00,0,0
121387,0,0,0,0.00,0.00,0,0
121439,0,0,0,0.00,0.00,0,0
121491,0,0,0,0.00,0.00,0,0
121543,0,0,0,0.00,0.00,0,0
121595,0,0,0,0.00,0.00,0,0
121647,0,0,0,0.00,0.00,0,0
121699,0,0,0,0.00,0.00,0,0
121751,0,0,0,0.00,0.00,0,0
121803,0,0,0,0.00,0.00,0,0
121856,0,0,0,0.00,0.00,0,0
121908,0,0,0,0.00,0.00,0,0
121960,0,0,0,0.00,0.00,0,0
122012,0,0,0,0.00,0.00,0,0
122064,0,0,0,0.00,0.00,0,0
122116,0,0,0,0.00,0.00,0,0
122168,0,0,0,0.00,0.00,0,0
122220,0,0,0,0.00,0.00,0,0
122272,0,0,0,0.00,0.00,0,0
122324,0,0,0,0.00,0.00,0,0
122377,0,0,0,0.00,0.00,0,0
122429,0,0,0,0.00,0.00,0,0
122481,0,0,0,0.00,0.00,0,0
122533,0,0,0,0.00,0.00,0,0
122585,0,0,0,0.00,0.00,0,0
122637,0,0,0,0.00,0.00,0,0
122689,0,0,0,0.00,0.00,0,0
122741,0,0,0,0.00,0.00,0,0
122793,0,0,0,0.00,0.00,0,0
122846,0,0,0,0.00,0.00,0,0
122898,0,0,0,0.00,0.00,0,0
122950,0,0,0,0.00,0.00,0,0
123002,0,0,0,0.00,0.00,0,0
123054,0,0,0,0.00,0.00,0,0
123106,0,0,0,0.00,0.00,0,0
123158,0,0,0,0.00,0.00,0,0
123210,0,0,0,0.00,0.00,0,0
123262,0,0,0,0.00,0.00,0,0
123315,0,0,0,0.00,0.00,0,0
123367,0,0,0,0.00,0.00,0,0
123419,0,0,0,0.00,0.00,0,0
123471,0,0,0,0.00,0.00,0,0
123523,0,0,0,0.00,0.00,0,0
123575,0,0,0,0.00,0.00,0,0
123627,0,0,0,0.00,0.00,0,0
123679,0,0,0,0.00,0.00,0,0
123731,0,0,0,0.00,0.00,0,0
123783,0,0,0,0.00,0.00,0,0
123835,0,0,0,0.00,0.00,0,0
123887,0,0,0,0.00,0.00,0,0
123939,0,0,0,0.00,0.00,0,0
123991,0,0,0,0.00,0.00,0,0
124043,0,0,0,0.00,0.00,0,0
124095,0,0,0,0.00,0.00,0,0
124147,0,0,0,0.00,0.00,0,0
124199,0,0,0,0.00,0.00,0,0
124251,0,0,0,0.00,0.00,0,0
124303,0,0,0,0.00,0.00,0,0
124355,0,0,0,0.00,0.00,0,0
124407,0,0,0,0.00,0.00,0,0
124459,0,0,0,0.00,0.00,0,0
124511,0,0,0,0.00,0.00,0,0
124563,0,0,0,0.00,0.00,0,0
124615,0,0,0,0.00,0.00,0,0
124667,0,0,0,0.00,0.00,0,0
124719,0,0,0,0.00,0.00,0,0
124771,0,0,0,0.00,0.00,0,0
124823,0,0,0,0.00,0.00,0,0
124875,0,0,0,0.00,0.00,0,0
124928,0,0,0,0.00,0.00,0,0
124980,0,0,0,0.00,0.00,0,0
125032,0,0,0,0.00,0.00,0,0
125084,0,0,0,0.00,0.00,0,0
125136,0,0,0,0.00,0.00,0,0
125188,0,0,0,0.00,0.00,0,0
125240,0,0,0,0.00,0.00,0,0
125292,0,0,0,0.00,0.00,0,0
125344,0,0,0,0.00,0.00,0,0
125396,0,0,0,0.00,0.00,0,0
125449,0,0,0,0.00,0.00,0,0
125501,0,0,0,0.00,0.00,0,0
125553,0,0,0,0.00,0.00,0,0
125605,0,0,0,0.00,0.00,0,0
125657,0,0,0,0.00,0.00,0,0
125709,0,0,0,0.00,0.00,0,0
125761,0,0,0,0.00,0.00,0,0
125813,0,0,0,0.00,0.00,0,0
125865,0,0,0,0.00,0.00,0,0
125918,0,0,0,0.00,0.00,0,0
125970,0,0,0,0.00,0.00,0,0
126022,0,0,0,0.00,0.00,0,0
126074,0,0,0,0.00,0.00,0,0
126126,0,0,0,0.00,0.00,0,0
126178,0,0,0,0.00,0.00,0,0
126230,0,0,0,0.00,0.00,0,0
126282,0,0,0,0.00,0.00,0,0
126334,0,0,0,0.00,0.00,0,0
126387,0,0,0,0.00,0.00,0,0
126439,0,0,0,0.00,0.00,0,0
126491,0,0,0,0.00,0.00,0,0
126543,0,0,0,0.00,0.00,0,0
126595,0,0,0,0.00,0.00,0,0
126647,0,0,0,0.00,0.00,0,0
126699,0,0,0,0.00,0.00,0,0
126751,0,0,0,0.00,0.00,0,0
126803,0,0,0,0.00,0.00,0,0
126855,0,0,0,0.00,0.00,0,0
126907,0,0,0,0.00,0.00,0,0
126959,0,0,0,0.00,0.00,0,0
127011,0,0,0,0.00,0.00,0,0
127063,0,0,0,0.00,0.00,0,0
127115,0,0,0,0.00,0.00,0,0
127167,0,0,0,0.00,0.00,0,0
127219,0,0,0,0.00,0.00,0,0
127271,0,0,0,0.00,0.00,0,0
127323,0,0,0,0.00,0.00,0,0
127375,0,0,0,0.00,0.00,0,0
127427,0,0,0,0.00,0.00,0,0
127479,0,0,0,0.00,0.00,0,0
127531,0,0,0,0.00,0.00,0,0
127583,0,0,0,0.00,0.00,0,0
127635,0,0,0,0.00,0.00,0,0
127687,0,0,0,0.00,0.00,0,0
127739,0,0,0,0.00,0.00,0,0
127791,0,0,0,0.00,0.00,0,0
127843,0,0,0,0.00,0.00,0,0
127895,0,0,0,0.00,0.00,0,0
127947,0,0,0,0.00,0.00,0,0
128000,0,0,0,0.00,0.00,0,0
128052,0,0,0,0.00,0.00,0,0
128104,0,0,0,0.00,0.00,0,0
128156,0,0,0,0.00,0.00,0,0
128208,0,0,0,0.00,0.00,0,0
128260,0,0,0,0.00,0.00,0,0
128312,0,0,0,0.00,0.00,0,0
128364,0,0,0,0.00,0.00,0,0
128416,0,0,0,0.00,0.00,0,0
128468,0,0,0,0.00,0.00,0,0
128521,0,0,0,0.00,0.00,0,0
128573,0,0,0,0.00,0.00,0,0
128625,0,0,0,0.00,0.00,0,0
128677,0,0,0,0.00,0.00,0,0
128729,0,0,0,0.00,0.00,0,0
128781,0,0,0,0.00,0.00,0,0
128833,0,0,0,0.00,0.00,0,0
128885,0,0,0,0.00,0.00,0,0
128937,0,0,0,0.00,0.00,0,0
128990,0,0,0,0.00,0.00,0,0
129042,0,0,0,0.00,0.00,0,0
129094,0,0,0,0.00,0.00,0,0
129146,0,0,0,0.00,0.00,0,0
129198,0,0,0,0.00,0.00,0,0
129250,0,0,0,0.00,0.00,0,0
129302,0,0,0,0.00,0.00,0,0
129354,0,0,0,0.00,0.00,0,0
129406,0,0,0,0.00,0.00,0,0
129459,0,0,0,0.00,0.00,0,0
129511,0,0,0,0.00,0.00,0,0
129563,0,0,0,0.00,0.00,0,0
129615,0,0,0,0.00,0.00,0,0
129667,0,0,0,0.00,0.00,0,0
129719,0,0,0,0.00,0.00,0,0
129771,0,0,0,0.00,0.00,0,0
129823,0,0,0,0.00,0.00,0,0
129875,0,0,0,0.00,0.00,0,0
129927,0,0,0,0.00,0.00,0,0
129979,0,0,0,0.00,0.00,0,0
130031,0,0,0,0.00,0.00,0,0
130083,0,0,0,0.00,0.00,0,0
130135,0,0,0,0.00,0.00,0,0
130187,0,0,0,0.00,0.00,0,0
130239,0,0,0,0.00,0.00,0,0
130291,0,0,0,0.00,0.00,0,0
130343,0,0,0,0.00,0.00,0,0
130395,0,0,0,0.00,0.00,0,0
130447,0,0,0,0.00,0.00,0,0
130499,0,0,0,0.00,0.00,0,0
130551,0,0,0,0.00,0.00,0,0
130603,0,0,0,0.00,0.00,0,0
130655,0,0,0,0.00,0.00,0,0
130707,0,0,0,0.00,0.00,0,0
130759,0,0,0,0.00,0.00,0,0
130811,0,0,0,0.00,0.00,0,0
130863,0,0,0,0.00,0.00,0,0
130915,0,0,0,0.00,0.00,0,0
130967,0,0,0,0.00,0.00,0,0
131019,0,0,0,0.00,0.00,0,0
131072,0,0,0,0.00,0.00,0,0
131124,0,0,0,0.00,0.00,0,0
131176,0,0,0,0.00,0.00,0,0
131228,0,0,0,0.00,0.00,0,0
131280,0,0,0,0.00,0.00,0,0
131332,0,0,0,0.00,0.00,0,0
131384,0,0,0,0.00,0.00,0,0
131436,0,0,0,0.00,0.00,0,0
131488,0,0,0,0.00,0.00,0,0
131540,0,0,0,0.00,0.00,0,0
131593,0,0,0,0.00,0.00,0,0
131645,0,0,0,0.00,0.00,0,0
131697,0,0,0,0.00,0.00,0,0
131749,0,0,0,0.00,0.00,0,0
131801,0,0,0,0.00,0.00,0,0
131853,0,0,0,0.00,0.00,0,0
131905,0,0,0,0.00,0.00,0,0
131957,0,0,0,0.00,0.00,0,0
132009,0,0,0,0.00,0.00,0,0
132062,0,0,0,0.00,0.00,0,0
132114,0,0,0,0.00,0.00,0,0
132166,0,0,0,0.00,0.00,0,0
132218,0,0,0,0.00,0.00,0,0
132270,0,0,0,0.00,0.00,0,0
132322,0,0,0,0.00,0.00,0,0
132374,0,0,0,0.00,0.00,0,0
132426,0,0,0,0.00,0.00,0,0
132478,0,0,0,0.00,0.00,0,0
132531,0,0,0,0.00,0.00,0,0
132583,0,0,0,0.00,0.00,0,0
132635,0,0,0,0.00,0.00,0,0
132687,0,0,0,0.00,0.00,0,0
132739,0,0,0,0.00,0.00,0,0
132791,0,0,0,0.00,0.00,0,0
132843,0,0,0,0.00,0.00,0,0
132895,0,0,0,0.00,0.00,0,0
132947,0,0,0,0.00,0.00,0,0
132999,0,0,0,0.00,0.00,0,0
133051,0,0,0,0.00,0.00,0,0
133103,0,0,0,0.00,0.00,0,0
133155,0,0,0,0.00,0.00,0,0
133207,0,0,0,0.00,0.00,0,0
133259,0,0,0,0.00,0.00,0,0
133311,0,0,0,0.00,0.00,0,0
133363,0,0,0,0.00,0.00,0,0
133415,0,0,0,0.00,0.00,0,0
133467,0,0,0,0.00,0.00,0,0
133519,0,0,0,0.00,0.00,0,0
133571,0,0,0,0.00,0.00,0,0
133623,0,0,0,0.00,0.00,0,0
133675,0,0,0,0.00,0.00,0,0
133727,0,0,0,0.00,0.00,0,0
133779,0,0,0,0.00,0.00,0,0
133831,0,0,0,0.00,0.00,0,0
133883,0,0,0,0.00,0.00,0,0
133935,0,0,0,0.00,0.00,0,0
133987,0,0,0,0.00,0.00,0,0
134039,0,0,0,0.00,0.00,0,0
134091,0,0,0,0.00,0.00,0,0
134144,0,0,0,0.00,0.00,0,0
134196,0,0,0,0.00,0.00,0,0
134248,0,0,0,0.00,0.00,0,0
134300,0,0,0,0.00,0.00,0,0
134352,0,0,0,0.00,0.00,0,0
134404,0,0,0,0.00,0.00,0,0
134456,0,0,0,0.00,0.00,0,0
134508,0,0,0,0.00,0.00,0,0
134560,0,0,0,0.00,0.00,0,0
134612,0,0,0,0.00,0.00,0,0
134665,0,0,0,0.00,0.00,0,0
134717,0,0,0,0.00,0.00,0,0
134769,0,0,0,0.00,0.00,0,0
134821,0,0,0,0.00,0.00,0,0
134873,0,0,0,0.00,0.00,0,0
134925,0,0,0,0.00,0.00,0,0
134977,0,0,0,0.00,0.00,0,0
135029,0,0,0,0.00,0.00,0,0
135081,0,0,0,0.00,0.00,0,0
135134,0,0,0,0.00,0.00,0,0
135186,0,0,0,0.00,0.00,0,0
135238,0,0,0,0.00,0.00,0,0
135290,0,0,0,0.00,0.00,0,0
135342,0,0,0,0.00,0.00,0,0
135394,0,0,0,0.00,0.00,0,0
135446,0,0,0,0.00,0.00,0,0
135498,0,0,0,0.00,0.00,0,0
135550,0,0,0,0.00,0.00,0,0
135603,0,0,0,0.00,0.00,0,0
135655,0,0,0,0.00,0.00,0,0
135707,0,0,0,0.00,0.00,0,0
135759,0,0,0,0.00,0.00,0,0
135811,0,0,0,0.00,0.00,0,0
135863,0,0,0,0.00,0.00,0,0
135915,0,0,0,0.00,0.00,0,0
135967,0,0,0,0.00,0.00,0,0
136019,0,0,0,0.00,0.00,0,0
136071,0,0,0,0.00,0.00,0,0
136123,0,0,0,0.00,0.00,0,0
136175,0,0,0,0.00,0.00,0,0
136227,0,0,0,0.00,0.00,0,0
136279,0,0,0,0.00,0.00,0,0
136331,0,0,0,0.00,0.00,0,0
136383,0,0,0,0.00,0.00,0,0
136435,0,0,0,0.00,0.00,0,0
136487,0,0,0,0.00,0.00,0,0
136539,0,0,0,0.00,0.00,0,0
136591,0,0,0,0.00,0.00,0,0
136643,0,0,0,0.00,0.00,0,0
136695,0,0,0,0.00,0.00,0,0
136747,0,0,0,0.00,0.00,0,0
136799,0,0,0,0.00,0.00,0,0
136851,0,0,0,0.00,0.00,0,0
136903,0,0,0,0.00,0.00,0,0
136955,0,0,0,0.00,0.00,0,0
137007,0,0,0,0.00,0.00,0,0
137059,0,0,0,0.00,0.00,0,0
137111,0,0,0,0.00,0.00,0,0
137163,0,0,0,0.00,0.00,0,0
137216,0,0,0,0.00,0.00,0,0
137268,0,0,0,0.00,0.00,0,0
137320,0,0,0,0.00,0.00,0,0
137372,0,0,0,0.00,0.00,0,0
137424,0,0,0,0.00,0.00,0,0
137476,0,0,0,0.00,0.00,0,0
137528,0,0,0,0.00,0.00,0,0
137580,0,0,0,0.00,0.00,0,0
137632,0,0,0,0.00,0.00,0,0
137684,0,0,0,0.00,0.00,0,0
137737,0,0,0,0.00,0.00,0,0
137789,0,0,0,0.00,0.00,0,0
137841,0,0,0,0.00,0.00,0,0
137893,0,0,0,0.00,0.00,0,0
137945,0,0,0,0.00,0.00,0,0
137997,0,0,0,0.00,0.00,0,0
138049,0,0,0,0.00,0.00,0,0
138101,0,0,0,0.00,0.00,0,0
138153,0,0,0,0.00,0.00,0,0
138206,0,0,0,0.00,0.00,0,0
138258,0,0,0,0.00,0.00,0,0
138310,0,0,0,0.00,0.00,0,0
138362,0,0,0,0.00,0.00,0,0
138414,0,0,0,0.00,0.00,0,0
138466,0,0,0,0.00,0.00,0,0
138518,0,0,0,0.00,0.00,0,0
138570,0,0,0,0.00,0.00,0,0
138622,0,0,0,0.00,0.00,0,0
138675,0,0,0,0.00,0.00,0,0
138727,0,0,0,0.00,0.00,0,0
138779,0,0,0,0.00,0.00,0,0
138831,0,0,0,0.00,0.00,0,0
138883,0,0,0,0.00,0.00,0,0
138935,0,0,0,0.00,0.00,0,0
138987,0,0,0,0.00,0.00,0,0
139039,0,0,0,0.00,0.00,0,0
139091,0,0,0,0.00,0.00,0,0
139143,0,0,0,0.00,0.00,0,0
139195,0,0,0,0.00,0.00,0,0
139247,0,0,0,0.00,0.00,0,0
139299,0,0,0,0.00,0.00,0,0
139351,0,0,0,0.00,0.00,0,0
139403,0,0,0,0.00,0.00,0,0
139455,0,0,0,0.00,0.00,0,0
139507,0,0,0,0.00,0.00,0,0
139559,0,0,0,0.00,0.00,0,0
139611,0,0,0,0.00,0.00,0,0
139663,0,0,0,0.00,0.00,0,0
139715,0,0,0,0.00,0.00,0,0
139767,0,0,0,0.00,0.00,0,0
139819,0,0,0,0.00,0.00,0,0
139871,0,0,0,0.00,0.00,0,0
139923,0,0,0,0.00,0.00,0,0
139975,0,0,0,0.00,0.00,0,0
140027,0,0,0,0.00,0.00,0,0
140079,0,0,0,0.00,0.00,0,0
140131,0,0,0,0.00,0.00,0,0
140183,0,0,0,0.00,0.00,0,0
140235,0,0,0,0.00,0.00,0,0
140288,0,0,0,0.00,0.00,0,0
140340,0,0,0,0.00,0.00,0,0
140392,0,0,0,0.00,0.00,0,0
140444,0,0,0,0.00,0.00,0,0
140496,0,0,0,0.00,0.00,0,0
140548,0,0,0,0.00,0.00,0,0
140600,0,0,0,0.00,0.00,0,0
140652,0,0,0,0.00,0.00,0,0
140704,0,0,0,0.00,0.00,0,0
140756,0,0,0,0.00,0.00,0,0
140809,0,0,0,0.00,0.00,0,0
140861,0,0,0,0.00,0.00,0,0
140913,0,0,0,0.00,0.00,0,0
140965,0,0,0,0.00,0.00,0,0
141017,0,0,0,0.00,0.00,0,0
141069,0,0,0,0.00,0.00,0,0
141121,0,0,0,0.00,0.00,0,0
141173,0,0,0,0.00,0.00,0,0
